Day,Wake,Bed,-> Sleep,Wake,Bed,Week,Extra,Week Total
Mon 21/3/11,,,,,,61:00,,61:00
Tue 22/3/11,10:45,3:30,10:30,10.45,3.3,,,
Wed 23/3/11,14:00,2:30,9:30,14,2.3,,,
Thu 24/3/11,12:00,4:30,12:30,12,4.3,,,
Fri 25/3/11,17:00,5:00,9:00,17,5,,,
Sat 26/3/11,14:00,5:00,9:30,14,5,,,
Sun 27/3/11,14:30,2:45,10:00,14.3,2.45,,,
Mon 28/3/11,12:45,0:00,9:30,12.45,0,67:30,,67:30
Tue 29/3/11,9:30,2:30,7:45,9.3,2.3,,,
Wed 30/3/11,10:15,2:45,12:00,10.15,2.45,,,
Thu 31/3/11,14:45,3:30,11:15,14.45,3.3,,,
Fri 1/4/11,14:45,3:00,7:45,14.45,3,,,
Sat 2/4/11,10:45,5:00,12:00,10.45,5,,,
Sun 3/4/11,17:00,5:15,7:15,17,5.15,,,
Mon 4/4/11,12:30,3:30,8:00,12.3,3.3,58:30,,58:30
Tue 5/4/11,11:30,4:15,8:45,11.3,4.15,,,
Wed 6/4/11,13:00,2:15,9:15,13,2.15,,,
Thu 7/4/11,11:30,4:45,11:30,11.3,4.45,,,
Fri 8/4/11,16:15,4:15,6:00,16.15,4.15,,,
Sat 9/4/11,10:15,4:00,6:30,10.15,4,,,
Sun 10/4/11,10:30,5:00,8:30,10.3,5,,,
Mon 11/4/11,13:30,4:00,11:00,13.3,4,64:45,,64:45
Tue 12/4/11,15:00,0:00,0:00,15,0,,,
Wed 13/4/11,0:00,21:45,11:45,0,21.45,,,
Thu 14/4/11,9:30,2:15,10:45,9.3,2.15,,,
Fri 15/4/11,13:00,1:30,11:30,13,1.3,,,
Sat 16/4/11,13:00,2:30,9:45,13,2.3,,,
Sun 17/4/11,12:15,1:30,10:00,12.15,1.3,,,
Mon 18/4/11,11:30,2:15,7:30,11.3,2.15,66:15,,66:15
Tue 19/4/11,9:45,3:30,10:15,9.45,3.3,,,
Wed 20/4/11,13:45,1:00,8:30,13.45,1,,,
Thu 21/4/11,9:30,3:15,14:15,9.3,3.15,,,
Fri 22/4/11,17:30,5:15,8:15,17.3,5.15,,,
Sat 23/4/11,13:30,0:15,10:00,13.3,0.15,,,
Sun 24/4/11,10:15,5:00,7:30,10.15,5,,,
Mon 25/4/11,12:30,3:30,10:00,12.3,3.3,64:15,,64:15
Tue 26/4/11,13:30,4:00,9:00,13.3,4,,,
Wed 27/4/11,13:00,2:30,7:45,13,2.3,,,
Thu 28/4/11,10:15,3:30,8:45,10.15,3.3,,,
Fri 29/4/11,12:15,4:00,10:15,12.15,4,,,
Sat 30/4/11,14:15,4:15,10:30,14.15,4.15,,,
Sun 1/5/11,14:45,3:15,8:00,14.45,3.15,,,
Mon 2/5/11,11:15,2:15,9:15,11.15,2.15,73:00,,73:00
Tue 3/5/11,11:30,2:30,11:45,11.3,2.3,,,
Wed 4/5/11,14:15,4:30,10:00,14.15,4.3,,,
Thu 5/5/11,14:30,3:30,9:15,14.3,3.3,,,
Fri 6/5/11,12:45,4:00,11:15,12.45,4,,,
Sat 7/5/11,15:15,4:00,12:15,15.15,4,,,
Sun 8/5/11,16:15,4:30,9:15,16.15,4.3,,,
Mon 9/5/11,13:45,12:30,21:00,13.45,12.3,75:15,,75:15
Tue 10/5/11,9:30,3:30,10:00,9.3,3.3,,,
Wed 11/5/11,13:30,3:45,9:45,13.3,3.45,,,
Thu 12/5/11,13:30,3:00,10:00,13.3,3,,,
Fri 13/5/11,13:00,4:00,7:00,13,4,,,
Sat 14/5/11,11:00,4:45,11:15,11,4.45,,,
Sun 15/5/11,16:00,4:30,6:15,16,4.3,,,
Mon 16/5/11,10:45,0:00,0:00,10.45,0,59:30,1:00,60:30
Tue 17/5/11,0:00,22:30,16:45,0,22.3,,,
Wed 18/5/11,15:15,5:15,9:00,15.15,5.15,,,
Thu 19/5/11,14:15,10:30,3:30,14.15,10.3,,,
Fri 20/5/11,14:00,4:15,10:45,14,4.15,,,
Sat 21/5/11,15:00,5:00,9:00,15,5,,,
Sun 22/5/11,14:00,5:15,10:30,14,5.15,,,
Mon 23/5/11,15:45,1:00,8:30,15.45,1,70:00,4:00,74:00
Tue 24/5/11,9:30,23:30,9:15,9.3,23.3,,,
Wed 25/5/11,8:45,3:30,9:30,8.45,3.3,,,
Thu 26/5/11,13:00,2:00,7:30,13,2,,,
Fri 27/5/11,9:30,2:00,12:00,9.3,2,,,
Sat 28/5/11,14:00,4:30,7:15,14,4.3,,,
Sun 29/5/11,11:45,21:00,16:00,11.45,21,,,
Mon 30/5/11,13:00,2:30,10:15,13,2.3,74:00,,74:00
Tue 31/5/11,12:45,0:15,10:45,12.45,0.15,,,
Wed 1/6/11,11:00,1:45,10:15,11,1.45,,,
Thu 2/6/11,12:00,2:15,11:00,12,2.15,,,
Fri 3/6/11,13:15,3:00,10:30,13.15,3,,,
Sat 4/6/11,13:30,2:45,14:15,13.3,2.45,,,
Sun 5/6/11,17:00,2:15,7:00,17,2.15,,,
Mon 6/6/11,9:15,1:00,8:45,9.15,1,62:30,4:00,66:30
Tue 7/6/11,9:45,0:30,12:00,9.45,0.3,,,
Wed 8/6/11,12:30,2:30,11:45,12.3,2.3,,,
Thu 9/6/11,14:15,3:30,10:45,14.15,3.3,,,
Fri 10/6/11,14:15,4:00,4:45,14.15,4,,,
Sat 11/6/11,8:45,4:30,5:30,8.45,4.3,,,
Sun 12/6/11,10:00,6:00,9:00,10,6,,,
Mon 13/6/11,15:00,2:30,11:15,15,2.3,78:15,2:00,80:15
Tue 14/6/11,13:45,3:00,10:00,13.45,3,,,
Wed 15/6/11,13:00,0:45,11:30,13,0.45,,,
Thu 16/6/11,12:15,1:30,10:45,12.15,1.3,,,
Fri 17/6/11,12:15,3:30,10:30,12.15,3.3,,,
Sat 18/6/11,14:00,2:30,11:00,14,2.3,,,
Sun 19/6/11,13:30,23:00,13:15,13.3,23,,,
Mon 20/6/11,12:15,0:30,9:15,12.15,0.3,70:15,,70:15
Tue 21/6/11,9:45,1:15,10:00,9.45,1.15,,,
Wed 22/6/11,11:15,1:15,10:45,11.15,1.15,,,
Thu 23/6/11,12:00,2:30,10:00,12,2.3,,,
Fri 24/6/11,12:30,2:45,10:00,12.3,2.45,,,
Sat 25/6/11,12:45,3:45,11:30,12.45,3.45,,,
Sun 26/6/11,15:15,1:30,8:45,15.15,1.3,,,
Mon 27/6/11,10:15,0:45,10:15,10.15,0.45,72:15,,72:15
Tue 28/6/11,11:00,2:30,10:00,11,2.3,,,
Wed 29/6/11,12:30,3:15,9:45,12.3,3.15,,,
Thu 30/6/11,13:00,2:00,10:15,13,2,,,
Fri 1/7/11,12:15,3:45,12:15,12.15,3.45,,,
Sat 2/7/11,16:00,5:30,10:15,16,5.3,,,
Sun 3/7/11,15:45,4:00,9:30,15.45,4,,,
Mon 4/7/11,13:30,2:00,10:45,13.3,2,75:15,,75:15
Tue 5/7/11,12:45,1:00,10:45,12.45,1,,,
Wed 6/7/11,11:45,3:45,11:15,11.45,3.45,,,
Thu 7/7/11,15:00,3:00,10:45,15,3,,,
Fri 8/7/11,13:45,3:00,10:00,13.45,3,,,
Sat 9/7/11,13:00,4:15,11:45,13,4.15,,,
Sun 10/7/11,16:00,3:00,10:00,16,3,,,
Mon 11/7/11,13:00,2:15,10:30,13,2.15,75:15,,75:15
Tue 12/7/11,12:45,0:30,11:45,12.45,0.3,,,
Wed 13/7/11,12:15,0:30,12:45,12.15,0.3,,,
Thu 14/7/11,13:15,2:00,9:45,13.15,2,,,
Fri 15/7/11,11:45,23:30,9:30,11.45,23.3,,,
Sat 16/7/11,9:00,1:30,10:15,9,1.3,,,
Sun 17/7/11,11:45,22:45,10:45,11.45,22.45,,,
Mon 18/7/11,9:30,0:45,8:30,9.3,0.45,65:00,,65:00
Tue 19/7/11,9:15,23:30,13:00,9.15,23.3,,,
Wed 20/7/11,12:30,4:15,10:00,12.3,4.15,,,
Thu 21/7/11,14:15,3:00,11:45,14.15,3,,,
Fri 22/7/11,14:45,3:45,11:15,14.45,3.45,,,
Sat 23/7/11,15:00,5:00,10:30,15,5,,,
Sun 24/7/11,15:30,0:00,0:00,15.3,0,,,
Mon 25/7/11,0:00,20:00,18:45,0,20,66:15,,66:15
Tue 26/7/11,14:45,3:30,9:45,14.45,3.3,,,
Wed 27/7/11,13:15,2:15,8:30,13.15,2.15,,,
Thu 28/7/11,10:45,2:45,9:30,10.45,2.45,,,
Fri 29/7/11,12:15,4:15,8:30,12.15,4.15,,,
Sat 30/7/11,12:45,4:15,11:15,12.45,4.15,,,
Sun 31/7/11,15:30,0:00,0:00,15.3,0,,,
Mon 1/8/11,0:00,20:00,17:30,0,20,79:00,,79:00
Tue 2/8/11,13:30,4:00,9:15,13.3,4,,,
Wed 3/8/11,13:15,2:45,9:00,13.15,2.45,,,
Thu 4/8/11,11:45,1:30,13:15,11.45,1.3,,,
Fri 5/8/11,14:45,3:30,10:45,14.45,3.3,,,
Sat 6/8/11,14:15,4:45,10:00,14.15,4.45,,,
Sun 7/8/11,14:45,2:00,9:15,14.45,2,,,
Mon 8/8/11,11:15,23:45,10:15,11.15,23.45,72:30,,72:30
Tue 9/8/11,10:00,3:30,8:15,10,3.3,,,
Wed 10/8/11,11:45,23:30,6:15,11.45,23.3,,,
Thu 11/8/11,5:45,21:45,14:30,5.45,21.45,,,
Fri 12/8/11,12:15,23:45,11:45,12.15,23.45,,,
Sat 13/8/11,11:30,23:30,11:00,11.3,23.3,,,
Sun 14/8/11,10:30,0:15,10:30,10.3,0.15,,,
Mon 15/8/11,10:45,0:45,11:45,10.45,0.45,68:45,,68:45
Tue 16/8/11,12:30,23:30,10:00,12.3,23.3,,,
Wed 17/8/11,9:30,22:00,11:00,9.3,22,,,
Thu 18/8/11,9:00,2:00,8:45,9,2,,,
Fri 19/8/11,10:45,1:45,11:30,10.45,1.45,,,
Sat 20/8/11,13:15,3:15,7:00,13.15,3.15,,,
Sun 21/8/11,10:15,0:00,8:45,10.15,0,,,
Mon 22/8/11,8:45,21:00,13:15,8.45,21,78:00,,78:00
Tue 23/8/11,10:15,1:00,10:45,10.15,1,,,
Wed 24/8/11,11:45,2:30,10:00,11.45,2.3,,,
Thu 25/8/11,12:30,23:15,14:45,12.3,23.15,,,
Fri 26/8/11,14:00,5:00,8:00,14,5,,,
Sat 27/8/11,13:00,2:30,9:00,13,2.3,,,
Sun 28/8/11,11:30,23:00,12:15,11.3,23,,,
Mon 29/8/11,11:15,3:15,9:45,11.15,3.15,60:15,,60:15
Tue 30/8/11,13:00,0:00,0:00,13,0,,,
Wed 31/8/11,0:00,23:15,12:45,0,23.15,,,
Thu 1/9/11,12:00,3:15,8:00,12,3.15,,,
Fri 2/9/11,11:15,2:30,10:30,11.15,2.3,,,
Sat 3/9/11,13:00,5:15,8:30,13,5.15,,,
Sun 4/9/11,13:45,4:30,10:45,13.45,4.3,,,
Mon 5/9/11,15:15,4:00,10:15,15.15,4,57:30,6:00,63:30
Tue 6/9/11,14:15,0:00,0:00,14.15,0,,,
Wed 7/9/11,0:00,1:00,12:15,0,1,,,
Thu 8/9/11,13:15,1:45,10:00,13.15,1.45,,,
Fri 9/9/11,11:45,4:30,10:00,11.45,4.3,,,
Sat 10/9/11,14:30,4:00,6:00,14.3,4,,,
Sun 11/9/11,10:00,3:00,9:00,10,3,,,
Mon 12/9/11,12:00,4:00,9:30,12,4,68:00,1:00,69:00
Tue 13/9/11,13:30,11:00,6:30,13.3,11,,,
Wed 14/9/11,17:30,1:15,12:00,17.3,1.15,,,
Thu 15/9/11,13:15,23:15,10:45,13.15,23.15,,,
Fri 16/9/11,10:00,6:00,10:30,10,6,,,
Sat 17/9/11,16:30,2:15,11:00,16.3,2.15,,,
Sun 18/9/11,13:15,4:00,7:45,13.15,4,,,
Mon 19/9/11,11:45,23:30,12:15,11.45,23.3,70:00,,70:00
Tue 20/9/11,11:45,3:30,9:45,11.45,3.3,,,
Wed 21/9/11,13:15,3:00,9:45,13.15,3,,,
Thu 22/9/11,12:45,0:30,11:30,12.45,0.3,,,
Fri 23/9/11,12:00,3:00,10:00,12,3,,,
Sat 24/9/11,13:00,4:30,9:45,13,4.3,,,
Sun 25/9/11,14:15,5:15,7:00,14.15,5.15,,,
Mon 26/9/11,12:15,0:30,11:45,12.15,0.3,78:00,4:00,82:00
Tue 27/9/11,12:15,3:00,11:00,12.15,3,,,
Wed 28/9/11,14:00,1:15,9:45,14,1.15,,,
Thu 29/9/11,11:00,2:00,11:00,11,2,,,
Fri 30/9/11,13:00,2:00,13:00,13,2,,,
Sat 1/10/11,15:00,2:45,9:45,15,2.45,,,
Sun 2/10/11,12:30,23:30,11:45,12.3,23.3,,,
Mon 3/10/11,11:15,3:15,10:00,11.15,3.15,58:15,5:30,63:45
Tue 4/10/11,13:15,0:00,0:00,13.15,0,,,
Wed 5/10/11,0:00,3:00,12:00,0,3,,,
Thu 6/10/11,15:00,4:00,12:00,15,4,,,
Fri 7/10/11,16:00,4:30,8:00,16,4.3,,,
Sat 8/10/11,12:30,6:15,8:45,12.3,6.15,,,
Sun 9/10/11,15:00,5:00,7:30,15,5,,,
Mon 10/10/11,12:30,4:30,10:15,12.3,4.3,60:00,2:30,62:30
Tue 11/10/11,14:45,23:45,10:00,14.45,23.45,,,
Wed 12/10/11,9:45,4:00,12:00,9.45,4,,,
Thu 13/10/11,16:00,9:45,8:45,16,9.45,,,
Fri 14/10/11,18:30,6:15,9:30,18.3,6.15,,,
Sat 15/10/11,15:45,6:30,9:30,15.45,6.3,,,
Sun 16/10/11,16:00,0:00,0:00,16,0,,,
Mon 17/10/11,0:00,23:00,12:15,0,23,73:30,3:30,77:00
Tue 18/10/11,11:15,3:30,10:00,11.15,3.3,,,
Wed 19/10/11,13:30,5:00,9:15,13.3,5,,,
Thu 20/10/11,14:15,3:00,8:30,14.15,3,,,
Fri 21/10/11,11:30,23:00,15:00,11.3,23,,,
Sat 22/10/11,14:00,7:00,8:00,14,7,,,
Sun 23/10/11,15:00,5:30,10:30,15,5.3,,,
Mon 24/10/11,16:00,6:15,9:45,16,6.15,69:00,2:00,71:00
Tue 25/10/11,16:00,5:45,11:00,16,5.45,,,
Wed 26/10/11,16:45,4:15,6:30,16.45,4.15,,,
Thu 27/10/11,10:45,23:45,10:45,10.45,23.45,,,
Fri 28/10/11,10:30,2:00,12:45,10.3,2,,,
Sat 29/10/11,14:45,5:30,8:15,14.45,5.3,,,
Sun 30/10/11,13:45,4:45,10:00,13.45,4.45,,,
Mon 31/10/11,14:45,6:15,7:00,14.45,6.15,69:30,,69:30
Tue 1/11/11,13:15,3:45,10:30,13.15,3.45,,,
Wed 2/11/11,14:15,23:30,11:45,14.15,23.3,,,
Thu 3/11/11,11:15,2:45,10:00,11.15,2.45,,,
Fri 4/11/11,12:45,3:30,11:45,12.45,3.3,,,
Sat 5/11/11,15:15,5:45,9:00,15.15,5.45,,,
Sun 6/11/11,14:45,3:45,9:30,14.45,3.45,,,
Mon 7/11/11,13:15,3:30,9:45,13.15,3.3,75:00,,75:00
Tue 8/11/11,13:15,4:30,12:15,13.15,4.3,,,
Wed 9/11/11,16:45,3:30,8:30,16.45,3.3,,,
Thu 10/11/11,12:00,2:30,10:30,12,2.3,,,
Fri 11/11/11,13:00,1:00,11:15,13,1,,,
Sat 12/11/11,12:15,3:30,12:45,12.15,3.3,,,
Sun 13/11/11,16:15,3:00,10:00,16.15,3,,,
Mon 14/11/11,13:00,2:00,8:30,13,2,69:15,5:00,74:15
Tue 15/11/11,10:30,3:00,11:15,10.3,3,,,
Wed 16/11/11,14:15,3:30,12:00,14.15,3.3,,,
Thu 17/11/11,15:30,2:30,9:30,15.3,2.3,,,
Fri 18/11/11,12:00,3:30,8:30,12,3.3,,,
Sat 19/11/11,12:00,3:00,9:15,12,3,,,
Sun 20/11/11,12:15,2:00,10:15,12.15,2,,,
Mon 21/11/11,12:15,0:30,9:00,12.15,0.3,71:00,,71:00
Tue 22/11/11,9:30,23:00,10:30,9.3,23,,,
Wed 23/11/11,9:30,2:45,12:30,9.3,2.45,,,
Thu 24/11/11,15:15,2:30,11:00,15.15,2.3,,,
Fri 25/11/11,13:30,7:30,10:00,13.3,7.3,,,
Sat 26/11/11,17:30,7:30,8:30,17.3,7.3,,,
Sun 27/11/11,16:00,7:00,9:30,16,7,,,
Mon 28/11/11,16:30,3:30,8:15,16.3,3.3,74:15,,74:15
Tue 29/11/11,11:45,1:30,12:30,11.45,1.3,,,
Wed 30/11/11,14:00,3:00,10:30,14,3,,,
Thu 1/12/11,13:30,23:00,10:00,13.3,23,,,
Fri 2/12/11,9:00,1:45,13:30,9,1.45,,,
Sat 3/12/11,15:15,3:15,8:30,15.15,3.15,,,
Sun 4/12/11,11:45,2:45,11:00,11.45,2.45,,,
Mon 5/12/11,13:45,0:30,7:45,13.45,0.3,70:30,,70:30
Tue 6/12/11,8:15,2:45,9:45,8.15,2.45,,,
Wed 7/12/11,12:30,4:00,8:45,12.3,4,,,
Thu 8/12/11,12:45,2:15,11:15,12.45,2.15,,,
Fri 9/12/11,13:30,2:00,12:30,13.3,2,,,
Sat 10/12/11,14:30,3:00,11:00,14.3,3,,,
Sun 11/12/11,14:00,3:30,9:30,14,3.3,,,
Mon 12/12/11,13:00,22:30,10:45,13,22.3,71:45,,71:45
Tue 13/12/11,9:15,3:30,9:30,9.15,3.3,,,
Wed 14/12/11,13:00,1:30,11:45,13,1.3,,,
Thu 15/12/11,13:15,2:30,10:30,13.15,2.3,,,
Fri 16/12/11,13:00,3:45,9:15,13,3.45,,,
Sat 17/12/11,13:00,3:15,9:15,13,3.15,,,
Sun 18/12/11,12:30,3:15,10:45,12.3,3.15,,,
Mon 19/12/11,14:00,3:15,8:15,14,3.15,68:30,2:00,70:30
Tue 20/12/11,11:30,23:30,10:00,11.3,23.3,,,
Wed 21/12/11,9:30,23:45,10:00,9.3,23.45,,,
Thu 22/12/11,9:45,0:30,10:00,9.45,0.3,,,
Fri 23/12/11,10:30,0:30,9:30,10.3,0.3,,,
Sat 24/12/11,10:00,23:30,10:15,10,23.3,,,
Sun 25/12/11,9:45,23:30,10:30,9.45,23.3,,,
Mon 26/12/11,10:00,0:00,10:00,10,0,70:30,,70:30
Tue 27/12/11,10:00,23:45,10:15,10,23.45,,,
Wed 28/12/11,10:00,2:30,7:30,10,2.3,,,
Thu 29/12/11,10:00,3:30,9:00,10,3.3,,,
Fri 30/12/11,12:30,3:15,10:00,12.3,3.15,,,
Sat 31/12/11,13:15,3:30,10:45,13.15,3.3,,,
Sun 1/1/12,14:15,23:15,13:00,14.15,23.15,,,
Mon 2/1/12,12:15,2:15,10:45,12.15,2.15,76:45,,76:45
Tue 3/1/12,13:00,2:45,10:30,13,2.45,,,
Wed 4/1/12,13:15,2:45,11:30,13.15,2.45,,,
Thu 5/1/12,14:15,3:00,8:15,14.15,3,,,
Fri 6/1/12,11:15,0:30,13:30,11.15,0.3,,,
Sat 7/1/12,14:00,2:30,12:15,14,2.3,,,
Sun 8/1/12,14:45,3:30,10:00,14.45,3.3,,,
Mon 9/1/12,13:30,4:45,8:45,13.3,4.45,69:15,,69:15
Tue 10/1/12,13:30,5:00,9:30,13.3,5,,,
Wed 11/1/12,14:30,23:45,12:00,14.3,23.45,,,
Thu 12/1/12,11:45,4:00,9:15,11.45,4,,,
Fri 13/1/12,13:15,4:00,10:45,13.15,4,,,
Sat 14/1/12,14:45,6:00,8:30,14.45,6,,,
Sun 15/1/12,14:30,4:00,10:30,14.3,4,,,
Mon 16/1/12,14:30,3:30,6:00,14.3,3.3,65:30,,65:30
Tue 17/1/12,9:30,2:00,9:45,9.3,2,,,
Wed 18/1/12,11:45,3:30,9:00,11.45,3.3,,,
Thu 19/1/12,12:30,23:30,10:15,12.3,23.3,,,
Fri 20/1/12,9:45,22:45,11:00,9.45,22.45,,,
Sat 21/1/12,9:45,0:45,9:15,9.45,0.45,,,
Sun 22/1/12,10:00,21:15,10:15,10,21.15,,,
Mon 23/1/12,7:30,23:15,10:30,7.3,23.15,67:15,,67:15
Tue 24/1/12,9:45,2:00,8:15,9.45,2,,,
Wed 25/1/12,10:15,0:30,9:30,10.15,0.3,,,
Thu 26/1/12,10:00,3:15,8:45,10,3.15,,,
Fri 27/1/12,12:00,1:30,12:00,12,1.3,,,
Sat 28/1/12,13:30,3:00,10:00,13.3,3,,,
Sun 29/1/12,13:00,3:15,8:15,13,3.15,,,
Mon 30/1/12,11:30,2:00,9:15,11.3,2,71:30,,71:30
Tue 31/1/12,11:15,2:15,10:15,11.15,2.15,,,
Wed 1/2/12,12:30,1:45,10:45,12.3,1.45,,,
Thu 2/2/12,12:30,3:15,8:30,12.3,3.15,,,
Fri 3/2/12,11:45,2:45,9:30,11.45,2.45,,,
Sat 4/2/12,12:15,0:15,13:15,12.15,0.15,,,
Sun 5/2/12,13:30,1:30,10:00,13.3,1.3,,,
Mon 6/2/12,11:30,0:15,9:30,11.3,0.15,71:45,,71:45
Tue 7/2/12,9:45,2:00,10:45,9.45,2,,,
Wed 8/2/12,12:45,2:15,10:45,12.45,2.15,,,
Thu 9/2/12,13:00,2:00,8:00,13,2,,,
Fri 10/2/12,10:00,2:30,12:15,10,2.3,,,
Sat 11/2/12,14:45,3:30,10:30,14.45,3.3,,,
Sun 12/2/12,14:00,4:15,10:00,14,4.15,,,
Mon 13/2/12,14:15,1:45,8:30,14.15,1.45,69:45,,69:45
Tue 14/2/12,10:15,3:30,11:30,10.15,3.3,,,
Wed 15/2/12,15:00,4:00,10:30,15,4,,,
Thu 16/2/12,14:30,3:30,10:00,14.3,3.3,,,
Fri 17/2/12,13:30,4:30,10:00,13.3,4.3,,,
Sat 18/2/12,14:30,4:30,9:30,14.3,4.3,,,
Sun 19/2/12,14:00,2:30,9:45,14,2.3,,,
Mon 20/2/12,12:15,0:15,9:00,12.15,0.15,68:30,,68:30
Tue 21/2/12,9:15,1:00,10:30,9.15,1,,,
Wed 22/2/12,11:30,2:15,10:00,11.3,2.15,,,
Thu 23/2/12,12:15,2:45,11:00,12.15,2.45,,,
Fri 24/2/12,13:45,3:45,9:30,13.45,3.45,,,
Sat 25/2/12,13:15,3:30,9:00,13.15,3.3,,,
Sun 26/2/12,12:30,3:30,9:30,12.3,3.3,,,
Mon 27/2/12,13:00,3:45,9:45,13,3.45,68:30,###############################################################################################################################################################################################################################################################,67:45
Tue 28/2/12,13:30,4:15,7:30,13.3,4.15,,,
Wed 29/2/12,11:45,4:45,13:00,11.45,4.45,,,
Thu 1/3/12,17:45,4:45,9:15,17.45,4.45,,,
Fri 2/3/12,14:00,4:00,11:00,14,4,,,
Sat 3/3/12,15:00,4:45,9:00,15,4.45,,,
Sun 4/3/12,13:45,3:45,9:00,13.45,3.45,,,
Mon 5/3/12,12:45,3:45,10:15,12.45,3.45,68:15,,68:15
Tue 6/3/12,14:00,4:00,9:45,14,4,,,
Wed 7/3/12,13:45,4:15,8:45,13.45,4.15,,,
Thu 8/3/12,13:00,3:30,7:00,13,3.3,,,
Fri 9/3/12,10:30,2:30,10:45,10.3,2.3,,,
Sat 10/3/12,13:15,2:30,10:45,13.15,2.3,,,
Sun 11/3/12,13:15,2:45,11:00,13.15,2.45,,,
Mon 12/3/12,13:45,2:45,7:00,13.45,2.45,65:15,0:30,65:45
Tue 13/3/12,9:45,2:30,10:45,9.45,2.3,,,
Wed 14/3/12,13:15,3:45,8:00,13.15,3.45,,,
Thu 15/3/12,11:45,1:45,10:00,11.45,1.45,,,
Fri 16/3/12,11:45,4:00,9:30,11.45,4,,,
Sat 17/3/12,13:30,4:00,12:00,13.3,4,,,
Sun 18/3/12,16:00,2:15,8:00,16,2.15,,,
Mon 19/3/12,10:15,3:30,10:00,10.15,3.3,67:00,,67:00
Tue 20/3/12,13:30,1:00,9:15,13.3,1,,,
Wed 21/3/12,10:15,3:00,10:30,10.15,3,,,
Thu 22/3/12,13:30,3:30,8:45,13.3,3.3,,,
Fri 23/3/12,12:15,3:30,10:00,12.15,3.3,,,
Sat 24/3/12,13:30,4:00,9:45,13.3,4,,,
Sun 25/3/12,13:45,1:00,8:45,13.45,1,,,
Mon 26/3/12,9:45,1:00,8:45,9.45,1,68:15,1:00,69:15
Tue 27/3/12,9:45,2:15,12:00,9.45,2.15,,,
Wed 28/3/12,14:15,3:15,8:00,14.15,3.15,,,
Thu 29/3/12,11:15,2:30,9:30,11.15,2.3,,,
Fri 30/3/12,12:00,0:45,8:30,12,0.45,,,
Sat 31/3/12,9:15,22:45,11:15,9.15,22.45,,,
Sun 1/4/12,10:00,2:30,10:15,10,2.3,,,
Mon 2/4/12,12:45,2:00,7:30,12.45,2,66:00,0:30,66:30
Tue 3/4/12,9:30,3:00,9:30,9.3,3,,,
Wed 4/4/12,12:30,2:15,10:15,12.3,2.15,,,
Thu 5/4/12,12:30,2:30,10:15,12.3,2.3,,,
Fri 6/4/12,12:45,3:30,9:45,12.45,3.3,,,
Sat 7/4/12,13:15,4:15,9:15,13.15,4.15,,,
Sun 8/4/12,13:30,4:30,9:30,13.3,4.3,,,
Mon 9/4/12,14:00,4:15,9:00,14,4.15,66:00,0:00,66:00
Tue 10/4/12,13:15,3:45,10:00,13.15,3.45,,,
Wed 11/4/12,13:45,5:00,9:15,13.45,5,,,
Thu 12/4/12,14:15,4:30,8:15,14.15,4.3,,,
Fri 13/4/12,12:45,3:45,9:00,12.45,3.45,,,
Sat 14/4/12,12:45,5:00,11:15,12.45,5,,,
Sun 15/4/12,16:15,5:00,9:15,16.15,5,,,
Mon 16/4/12,14:15,4:45,7:00,14.15,4.45,64:30,0:00,64:30
Tue 17/4/12,11:45,23:45,11:30,11.45,23.45,,,
Wed 18/4/12,11:15,4:30,9:45,11.15,4.3,,,
Thu 19/4/12,14:15,3:15,10:45,14.15,3.15,,,
Fri 20/4/12,14:00,5:15,10:00,14,5.15,,,
Sat 21/4/12,15:15,7:00,8:30,15.15,7,,,
Sun 22/4/12,15:30,4:00,7:00,15.3,4,,,
Mon 23/4/12,11:00,3:30,5:45,11,3.3,61:45,0:00,61:45
Tue 24/4/12,9:15,5:30,9:45,9.15,5.3,,,
Wed 25/4/12,15:15,4:15,6:00,15.15,4.15,,,
Thu 26/4/12,10:15,1:45,8:30,10.15,1.45,,,
Fri 27/4/12,10:15,23:30,12:15,10.15,23.3,,,
Sat 28/4/12,11:45,3:15,10:30,11.45,3.15,,,
Sun 29/4/12,13:45,3:00,9:00,13.45,3,,,
Mon 30/4/12,12:00,2:00,8:45,12,2,73:00,0:00,73:00
Tue 1/5/12,10:45,2:30,10:15,10.45,2.3,,,
Wed 2/5/12,12:45,2:45,10:30,12.45,2.45,,,
Thu 3/5/12,13:15,3:00,10:45,13.15,3,,,
Fri 4/5/12,13:45,4:30,10:00,13.45,4.3,,,
Sat 5/5/12,14:30,0:30,12:00,14.3,0.3,,,
Sun 6/5/12,12:30,1:45,10:45,12.3,1.45,,,
Mon 7/5/12,12:30,1:15,9:15,12.3,1.15,67:00,0:00,67:00
Tue 8/5/12,10:30,3:00,10:00,10.3,3,,,
Wed 9/5/12,13:00,4:00,9:15,13,4,,,
Thu 10/5/12,13:15,0:00,10:30,13.15,0,,,
Fri 11/5/12,10:30,3:00,10:45,10.3,3,,,
Sat 12/5/12,13:45,1:45,6:30,13.45,1.45,,,
Sun 13/5/12,8:15,23:30,10:45,8.15,23.3,,,
Mon 14/5/12,10:15,1:30,9:30,10.15,1.3,72:00,0:00,72:00
Tue 15/5/12,11:00,2:00,12:15,11,2,,,
Wed 16/5/12,14:15,4:00,8:15,14.15,4,,,
Thu 17/5/12,12:15,3:30,9:45,12.15,3.3,,,
Fri 18/5/12,13:15,4:00,10:30,13.15,4,,,
Sat 19/5/12,14:30,2:45,8:45,14.3,2.45,,,
Sun 20/5/12,11:30,21:45,13:00,11.3,21.45,,,
Mon 21/5/12,10:45,1:30,7:45,10.45,1.3,69:30,0:00,69:30
Tue 22/5/12,9:15,23:00,11:00,9.15,23,,,
Wed 23/5/12,10:00,2:45,10:30,10,2.45,,,
Thu 24/5/12,13:15,3:15,9:15,13.15,3.15,,,
Fri 25/5/12,12:30,3:00,10:45,12.3,3,,,
Sat 26/5/12,13:45,3:45,10:30,13.45,3.45,,,
Sun 27/5/12,14:15,3:30,9:45,14.15,3.3,,,
Mon 28/5/12,13:15,1:30,8:15,13.15,1.3,69:15,1:00,70:15
Tue 29/5/12,9:45,1:45,8:45,9.45,1.45,,,
Wed 30/5/12,10:30,1:30,9:45,10.3,1.3,,,
Thu 31/5/12,11:15,1:00,11:15,11.15,1,,,
Fri 1/6/12,12:15,2:45,11:15,12.15,2.45,,,
Sat 2/6/12,14:00,5:15,6:30,14,5.15,,,
Sun 3/6/12,11:45,23:15,13:30,11.45,23.15,,,
Mon 4/6/12,12:45,1:45,9:00,12.45,1.45,72:00,0:00,72:00
Tue 5/6/12,10:45,2:15,11:00,10.45,2.15,,,
Wed 6/6/12,13:15,3:45,9:30,13.15,3.45,,,
Thu 7/6/12,13:15,2:45,11:30,13.15,2.45,,,
Fri 8/6/12,14:15,4:00,11:00,14.15,4,,,
Sat 9/6/12,15:00,5:15,10:15,15,5.15,,,
Sun 10/6/12,15:30,6:00,9:45,15.3,6,,,
Mon 11/6/12,15:45,7:15,9:00,15.45,7.15,67:15,0:00,67:15
Tue 12/6/12,16:15,4:00,12:30,16.15,4,,,
Wed 13/6/12,16:30,7:30,7:45,16.3,7.3,,,
Thu 14/6/12,15:15,0:00,10:15,15.15,0,,,
Fri 15/6/12,10:15,7:45,10:30,10.15,7.45,,,
Sat 16/6/12,18:15,0:00,0:00,18.15,0,,,
Sun 17/6/12,0:00,0:45,17:15,0,0.45,,,
Mon 18/6/12,18:00,0:00,0:00,18,0,58:30,4:15,62:45
Tue 19/6/12,0:00,22:30,8:45,0,22.3,,,
Wed 20/6/12,7:15,21:45,10:15,7.15,21.45,,,
Thu 21/6/12,8:00,0:30,11:30,8,0.3,,,
Fri 22/6/12,12:00,2:45,6:15,12,2.45,,,
Sat 23/6/12,9:00,3:15,10:15,9,3.15,,,
Sun 24/6/12,13:30,20:30,11:30,13.3,20.3,,,
Mon 25/6/12,8:00,22:45,10:15,8,22.45,70:15,0:00,70:15
Tue 26/6/12,9:00,22:45,10:15,9,22.45,,,
Wed 27/6/12,9:00,23:00,10:45,9,23,,,
Thu 28/6/12,9:45,1:00,12:15,9.45,1,,,
Fri 29/6/12,13:15,0:45,7:30,13.15,0.45,,,
Sat 30/6/12,8:15,21:15,9:00,8.15,21.15,,,
Sun 1/7/12,6:15,0:15,10:15,6.15,0.15,,,
Mon 2/7/12,10:30,23:15,10:15,10.3,23.15,76:15,1:30,77:45
Tue 3/7/12,9:30,22:30,13:00,9.3,22.3,,,
Wed 4/7/12,11:30,5:00,8:00,11.3,5,,,
Thu 5/7/12,13:00,0:15,12:30,13,0.15,,,
Fri 6/7/12,12:45,2:15,10:45,12.45,2.15,,,
Sat 7/7/12,13:00,5:30,9:45,13,5.3,,,
Sun 8/7/12,15:15,20:00,12:00,15.15,20,,,
Mon 9/7/12,8:00,3:00,10:15,8,3,54:00,0:00,54:00
Tue 10/7/12,13:15,2:45,11:45,13.15,2.45,,,
Wed 11/7/12,14:30,5:15,7:45,14.3,5.15,,,
Thu 12/7/12,13:00,0:00,0:00,13,0,,,
Fri 13/7/12,0:00,20:45,15:15,0,20.45,,,
Sat 14/7/12,12:00,4:30,9:00,12,4.3,,,
Sun 15/7/12,13:30,0:00,0:00,13.3,0,,,
Mon 16/7/12,0:00,18:30,14:00,0,18.3,63:00,0:00,63:00
Tue 17/7/12,8:30,1:30,7:00,8.3,1.3,,,
Wed 18/7/12,8:30,3:00,10:30,8.3,3,,,
Thu 19/7/12,13:30,22:30,9:45,13.3,22.3,,,
Fri 20/7/12,8:15,1:45,11:30,8.15,1.45,,,
Sat 21/7/12,13:15,6:45,10:15,13.15,6.45,,,
Sun 22/7/12,17:00,0:00,0:00,17,0,,,
Mon 23/7/12,0:00,20:30,12:00,0,20.3,69:45,0:00,69:45
Tue 24/7/12,8:30,2:15,11:00,8.3,2.15,,,
Wed 25/7/12,13:15,1:00,8:00,13.15,1,,,
Thu 26/7/12,9:00,23:15,9:15,9,23.15,,,
Fri 27/7/12,8:30,2:15,12:45,8.3,2.15,,,
Sat 28/7/12,15:00,5:15,7:15,15,5.15,,,
Sun 29/7/12,12:30,3:15,9:30,12.3,3.15,,,
Mon 30/7/12,12:45,1:00,9:45,12.45,1,56:00,0:00,56:00
Tue 31/7/12,10:45,6:15,8:30,10.45,6.15,,,
Wed 1/8/12,14:45,6:30,8:00,14.45,6.3,,,
Thu 2/8/12,14:30,9:15,6:45,14.3,9.15,,,
Fri 3/8/12,16:00,5:45,9:00,16,5.45,,,
Sat 4/8/12,14:45,6:45,7:15,14.45,6.45,,,
Sun 5/8/12,14:00,7:45,6:45,14,7.45,,,
Mon 6/8/12,14:30,23:45,11:15,14.3,23.45,68:00,1:30,69:30
Tue 7/8/12,11:00,8:15,8:30,11,8.15,,,
Wed 8/8/12,16:45,10:00,7:00,16.45,10,,,
Thu 9/8/12,17:00,0:45,12:15,17,0.45,,,
Fri 10/8/12,13:00,6:00,9:15,13,6,,,
Sat 11/8/12,15:15,0:00,0:00,15.15,0,,,
Sun 12/8/12,0:00,20:00,19:45,0,20,,,
Mon 13/8/12,15:45,7:00,7:30,15.45,7,64:00,###############################################################################################################################################################################################################################################################,62:30
Tue 14/8/12,14:30,22:00,12:00,14.3,22,,,
Wed 15/8/12,10:00,4:30,10:15,10,4.3,,,
Thu 16/8/12,14:45,0:00,0:00,14.45,0,,,
Fri 17/8/12,0:00,20:15,14:30,0,20.15,,,
Sat 18/8/12,10:45,4:30,10:30,10.45,4.3,,,
Sun 19/8/12,15:00,1:30,9:15,15,1.3,,,
Mon 20/8/12,10:45,21:45,11:30,10.45,21.45,72:45,0:00,72:45
Tue 21/8/12,9:15,6:45,10:15,9.15,6.45,,,
Wed 22/8/12,17:00,21:15,11:00,17,21.15,,,
Thu 23/8/12,8:15,3:15,9:45,8.15,3.15,,,
Fri 24/8/12,13:00,2:45,10:15,13,2.45,,,
Sat 25/8/12,13:00,1:15,8:00,13,1.15,,,
Sun 26/8/12,9:15,2:30,12:00,9.15,2.3,,,
Mon 27/8/12,14:30,0:00,0:00,14.3,0,67:00,5:00,72:00
Tue 28/8/12,0:00,23:15,15:45,0,23.15,,,
Wed 29/8/12,15:00,5:00,9:15,15,5,,,
Thu 30/8/12,14:15,0:15,11:45,14.15,0.15,,,
Fri 31/8/12,12:00,4:45,9:45,12,4.45,,,
Sat 1/9/12,14:30,4:15,9:45,14.3,4.15,,,
Sun 2/9/12,14:00,2:15,10:45,14,2.15,,,
Mon 3/9/12,13:00,2:30,9:45,13,2.3,59:30,0:00,59:30
Tue 4/9/12,12:15,4:30,5:00,12.15,4.3,,,
Wed 5/9/12,9:30,21:30,15:30,9.3,21.3,,,
Thu 6/9/12,13:00,3:45,9:30,13,3.45,,,
Fri 7/9/12,13:15,4:00,11:30,13.15,4,,,
Sat 8/9/12,15:30,6:15,8:15,15.3,6.15,,,
Sun 9/9/12,14:30,0:00,0:00,14.3,0,,,
Mon 10/9/12,0:00,19:30,13:30,0,19.3,94:00,###############################################################################################################################################################################################################################################################,92:00
Tue 11/9/12,9:00,20:30,15:00,9,20.3,,,
Wed 12/9/12,11:30,3:15,9:15,11.3,3.15,,,
Thu 13/9/12,12:30,2:15,12:30,12.3,2.15,,,
Fri 14/9/12,14:45,2:00,13:30,14.45,2,,,
Sat 15/9/12,15:30,4:15,20:30,15.3,4.15,,,
Sun 16/9/12,0:45,23:30,9:45,0.45,23.3,,,
Mon 17/9/12,9:15,2:30,10:00,9.15,2.3,63:45,0:00,63:45
Tue 18/9/12,12:30,22:45,13:00,12.3,22.45,,,
Wed 19/9/12,11:45,2:15,10:15,11.45,2.15,,,
Thu 20/9/12,12:30,3:45,10:00,12.3,3.45,,,
Fri 21/9/12,13:45,5:00,9:15,13.45,5,,,
Sat 22/9/12,14:15,2:45,11:15,14.15,2.45,,,
Sun 23/9/12,14:00,0:00,0:00,14,0,,,
Mon 24/9/12,0:00,15:00,19:15,0,15,77:30,0:00,77:30
Tue 25/9/12,10:15,2:30,9:45,10.15,2.3,,,
Wed 26/9/12,12:15,3:45,10:15,12.15,3.45,,,
Thu 27/9/12,14:00,4:45,11:15,14,4.45,,,
Fri 28/9/12,16:00,4:00,9:30,16,4,,,
Sat 29/9/12,13:30,4:30,9:30,13.3,4.3,,,
Sun 30/9/12,14:00,4:30,8:00,14,4.3,,,
Mon 1/10/12,12:30,2:45,6:45,12.3,2.45,71:30,###############################################################################################################################################################################################################################################################,70:30
Tue 2/10/12,9:30,22:30,16:15,9.3,22.3,,,
Wed 3/10/12,14:45,4:00,8:30,14.45,4,,,
Thu 4/10/12,12:30,1:00,12:30,12.3,1,,,
Fri 5/10/12,13:30,4:00,11:15,13.3,4,,,
Sat 6/10/12,15:15,2:30,9:00,15.15,2.3,,,
Sun 7/10/12,11:30,2:15,7:15,11.3,2.15,,,
Mon 8/10/12,9:30,23:00,14:45,9.3,23,80:00,###############################################################################################################################################################################################################################################################,79:30
Tue 9/10/12,13:45,5:00,9:30,13.45,5,,,
Wed 10/10/12,14:30,3:45,9:15,14.3,3.45,,,
Thu 11/10/12,13:00,23:30,11:45,13,23.3,,,
Fri 12/10/12,11:15,2:30,12:00,11.15,2.3,,,
Sat 13/10/12,14:30,22:00,11:30,14.3,22,,,
Sun 14/10/12,9:30,1:30,11:15,9.3,1.3,,,
Mon 15/10/12,12:45,4:30,9:15,12.45,4.3,69:15,0:00,69:15
Tue 16/10/12,13:45,4:30,9:30,13.45,4.3,,,
Wed 17/10/12,14:00,4:15,11:45,14,4.15,,,
Thu 18/10/12,16:00,2:45,8:30,16,2.45,,,
Fri 19/10/12,11:15,6:15,8:30,11.15,6.15,,,
Sat 20/10/12,14:45,5:30,7:45,14.45,5.3,,,
Sun 21/10/12,13:15,18:30,14:00,13.15,18.3,,,
Mon 22/10/12,8:30,2:45,6:45,8.3,2.45,70:00,1:00,71:00
Tue 23/10/12,9:30,0:30,12:45,9.3,0.3,,,
Wed 24/10/12,13:15,1:30,11:00,13.15,1.3,,,
Thu 25/10/12,12:30,3:00,10:30,12.3,3,,,
Fri 26/10/12,13:30,0:30,6:45,13.3,0.3,,,
Sat 27/10/12,7:15,20:45,12:00,7.15,20.45,,,
Sun 28/10/12,8:45,1:00,10:15,8.45,1,,,
Mon 29/10/12,11:15,3:15,10:00,11.15,3.15,69:45,1:30,71:15
Tue 30/10/12,13:15,22:00,11:30,13.15,22,,,
Wed 31/10/12,9:30,3:30,10:45,9.3,3.3,,,
Thu 1/11/12,14:15,5:15,8:00,14.15,5.15,,,
Fri 2/11/12,13:15,0:15,9:30,13.15,0.15,,,
Sat 3/11/12,9:45,5:00,8:30,9.45,5,,,
Sun 4/11/12,13:30,2:00,11:30,13.3,2,,,
Mon 5/11/12,13:30,5:15,10:00,13.3,5.15,73:15,2:00,75:15
Tue 6/11/12,15:15,5:30,9:15,15.15,5.3,,,
Wed 7/11/12,14:45,23:15,11:30,14.45,23.15,,,
Thu 8/11/12,10:45,2:45,11:15,10.45,2.45,,,
Fri 9/11/12,14:00,3:00,11:00,14,3,,,
Sat 10/11/12,14:00,23:15,8:00,14,23.15,,,
Sun 11/11/12,7:15,1:45,12:15,7.15,1.45,,,
Mon 12/11/12,14:00,0:45,8:00,14,0.45,69:15,0:00,69:15
Tue 13/11/12,8:45,2:15,10:00,8.45,2.15,,,
Wed 14/11/12,12:15,3:00,11:30,12.15,3,,,
Thu 15/11/12,14:30,3:30,11:15,14.3,3.3,,,
Fri 16/11/12,14:45,0:30,8:00,14.45,0.3,,,
Sat 17/11/12,8:30,1:30,7:45,8.3,1.3,,,
Sun 18/11/12,9:15,23:00,12:45,9.15,23,,,
Mon 19/11/12,11:45,0:00,14:45,11.45,0,68:30,0:00,68:30
Tue 20/11/12,14:45,3:00,10:45,14.45,3,,,
Wed 21/11/12,13:45,4:30,11:00,13.45,4.3,,,
Thu 22/11/12,15:30,3:45,12:00,15.3,3.45,,,
Fri 23/11/12,15:45,6:00,10:15,15.45,6,,,
Sat 24/11/12,16:15,6:15,4:00,16.15,6.15,,,
Sun 25/11/12,10:15,4:00,5:45,10.15,4,,,
Mon 26/11/12,9:45,18:45,13:45,9.45,18.45,74:30,0:00,74:30
Tue 27/11/12,8:30,2:30,11:00,8.3,2.3,,,
Wed 28/11/12,13:30,3:15,8:30,13.3,3.15,,,
Thu 29/11/12,11:45,2:00,10:30,11.45,2,,,
Fri 30/11/12,12:30,3:30,9:00,12.3,3.3,,,
Sat 1/12/12,12:30,1:00,9:30,12.3,1,,,
Sun 2/12/12,10:30,0:00,12:15,10.3,0,,,
Mon 3/12/12,12:15,21:45,10:45,12.15,21.45,75:30,0:00,75:30
Tue 4/12/12,8:30,2:15,9:15,8.3,2.15,,,
Wed 5/12/12,11:30,1:30,14:00,11.3,1.3,,,
Thu 6/12/12,15:30,3:00,9:45,15.3,3,,,
Fri 7/12/12,12:45,2:30,11:30,12.45,2.3,,,
Sat 8/12/12,14:00,3:30,10:30,14,3.3,,,
Sun 9/12/12,14:00,3:30,9:45,14,3.3,,,
Mon 10/12/12,13:15,2:30,1:00,13.15,2.3,61:45,4:00,65:45
Tue 11/12/12,3:30,22:30,14:30,3.3,22.3,,,
Wed 12/12/12,13:00,2:45,9:00,13,2.45,,,
Thu 13/12/12,11:45,2:00,10:30,11.45,2,,,
Fri 14/12/12,12:30,2:00,9:30,12.3,2,,,
Sat 15/12/12,11:30,4:15,9:30,11.3,4.15,,,
Sun 16/12/12,13:45,3:15,7:45,13.45,3.15,,,
Mon 17/12/12,11:00,22:30,11:15,11,22.3,71:15,0:00,71:15
Tue 18/12/12,9:45,21:45,11:30,9.45,21.45,,,
Wed 19/12/12,9:15,23:30,10:00,9.15,23.3,,,
Thu 20/12/12,9:30,22:15,10:15,9.3,22.15,,,
Fri 21/12/12,8:30,0:00,7:30,8.3,0,,,
Sat 22/12/12,7:30,0:00,11:15,7.3,0,,,
Sun 23/12/12,11:15,23:45,9:30,11.15,23.45,,,
Mon 24/12/12,9:15,23:30,9:45,9.15,23.3,74:00,3:00,77:00
Tue 25/12/12,9:15,22:15,10:30,9.15,22.15,,,
Wed 26/12/12,8:45,23:15,9:45,8.45,23.15,,,
Thu 27/12/12,9:00,23:30,10:30,9,23.3,,,
Fri 28/12/12,10:00,1:00,10:15,10,1,,,
Sat 29/12/12,11:15,1:15,10:45,11.15,1.15,,,
Sun 30/12/12,12:00,1:00,12:30,12,1,,,
Mon 31/12/12,13:30,13:30,7:15,13.3,13.3,70:00,2:00,72:00
Tue 1/1/13,20:45,1:15,9:30,20.45,1.15,,,
Wed 2/1/13,10:45,0:45,8:00,10.45,0.45,,,
Thu 3/1/13,8:45,23:30,12:15,8.45,23.3,,,
Fri 4/1/13,11:45,1:45,10:00,11.45,1.45,,,
Sat 5/1/13,11:45,3:00,10:00,11.45,3,,,
Sun 6/1/13,13:00,3:30,13:00,13,3.3,,,
Mon 7/1/13,16:30,5:15,7:30,16.3,5.15,66:30,1:00,67:30
Tue 8/1/13,12:45,1:00,10:30,12.45,1,,,
Wed 9/1/13,11:30,1:45,7:15,11.3,1.45,,,
Thu 10/1/13,9:00,0:45,10:45,9,0.45,,,
Fri 11/1/13,11:30,2:15,10:30,11.3,2.15,,,
Sat 12/1/13,12:45,2:30,11:45,12.45,2.3,,,
Sun 13/1/13,14:15,3:45,8:15,14.15,3.45,,,
Mon 14/1/13,12:00,7:15,7:00,12,7.15,66:30,0:00,66:30
Tue 15/1/13,14:15,1:30,13:15,14.15,1.3,,,
Wed 16/1/13,14:45,6:45,8:15,14.45,6.45,,,
Thu 17/1/13,15:00,2:45,9:00,15,2.45,,,
Fri 18/1/13,11:45,0:45,9:45,11.45,0.45,,,
Sat 19/1/13,10:30,4:30,10:00,10.3,4.3,,,
Sun 20/1/13,14:30,4:15,9:15,14.3,4.15,,,
Mon 21/1/13,13:30,2:15,10:30,13.3,2.15,72:30,###############################################################################################################################################################################################################################################################,72:00
Tue 22/1/13,12:45,2:45,10:30,12.45,2.45,,,
Wed 23/1/13,13:15,4:45,8:00,13.15,4.45,,,
Thu 24/1/13,12:45,4:45,9:15,12.45,4.45,,,
Fri 25/1/13,14:00,1:30,13:45,14,1.3,,,
Sat 26/1/13,15:15,4:30,7:30,15.15,4.3,,,
Sun 27/1/13,12:00,1:30,13:00,12,1.3,,,
Mon 28/1/13,14:30,4:30,9:30,14.3,4.3,68:30,0:00,68:30
Tue 29/1/13,14:00,4:45,10:00,14,4.45,,,
Wed 30/1/13,14:45,21:15,13:30,14.45,21.15,,,
Thu 31/1/13,10:45,3:00,9:45,10.45,3,,,
Fri 1/2/13,12:45,5:00,9:00,12.45,5,,,
Sat 2/2/13,14:00,5:30,8:45,14,5.3,,,
Sun 3/2/13,14:15,3:00,8:00,14.15,3,,,
Mon 4/2/13,11:00,2:30,6:45,11,2.3,65:30,###############################################################################################################################################################################################################################################################,64:30
Tue 5/2/13,9:15,2:30,8:15,9.15,2.3,,,
Wed 6/2/13,10:45,1:30,14:30,10.45,1.3,,,
Thu 7/2/13,16:00,3:15,8:30,16,3.15,,,
Fri 8/2/13,11:45,1:45,10:30,11.45,1.45,,,
Sat 9/2/13,12:15,3:15,6:30,12.15,3.15,,,
Sun 10/2/13,9:45,0:00,10:30,9.45,0,,,
Mon 11/2/13,10:30,2:30,10:45,10.3,2.3,68:45,0:00,68:45
Tue 12/2/13,13:15,3:30,6:30,13.15,3.3,,,
Wed 13/2/13,10:00,2:30,11:30,10,2.3,,,
Thu 14/2/13,14:00,2:15,9:00,14,2.15,,,
Fri 15/2/13,11:15,2:00,10:45,11.15,2,,,
Sat 16/2/13,12:45,3:15,11:00,12.45,3.15,,,
Sun 17/2/13,14:15,2:00,9:15,14.15,2,,,
Mon 18/2/13,11:15,3:00,12:15,11.15,3,72:15,0:00,72:15
Tue 19/2/13,15:15,2:00,11:45,15.15,2,,,
Wed 20/2/13,13:45,4:15,9:30,13.45,4.15,,,
Thu 21/2/13,13:45,23:45,11:00,13.45,23.45,,,
Fri 22/2/13,10:45,3:00,11:00,10.45,3,,,
Sat 23/2/13,14:00,10:30,5:00,14,10.3,,,
Sun 24/2/13,15:30,0:30,11:45,15.3,0.3,,,
Mon 25/2/13,12:15,1:45,11:00,12.15,1.45,75:15,0:00,75:15
Tue 26/2/13,12:45,1:15,8:00,12.45,1.15,,,
Wed 27/2/13,9:15,20:00,14:00,9.15,20,,,
Thu 28/2/13,10:00,0:30,12:30,10,0.3,,,
Fri 1/3/13,13:00,2:45,9:45,13,2.45,,,
Sat 2/3/13,12:30,2:30,10:15,12.3,2.3,,,
Sun 3/3/13,12:45,2:30,9:45,12.45,2.3,,,
Mon 4/3/13,12:15,3:30,9:15,12.15,3.3,67:00,0:00,67:00
Tue 5/3/13,12:45,4:30,7:45,12.45,4.3,,,
Wed 6/3/13,12:15,6:30,8:15,12.15,6.3,,,
Thu 7/3/13,14:45,1:30,12:00,14.45,1.3,,,
Fri 8/3/13,13:30,2:15,11:30,13.3,2.15,,,
Sat 9/3/13,13:45,6:00,8:00,13.45,6,,,
Sun 10/3/13,14:00,3:45,10:15,14,3.45,,,
Mon 11/3/13,14:00,10:45,7:00,14,10.45,59:30,0:00,59:30
Tue 12/3/13,17:45,0:00,0:00,17.45,0,,,
Wed 13/3/13,0:00,18:45,17:30,0,18.45,,,
Thu 14/3/13,12:15,6:00,7:45,12.15,6,,,
Fri 15/3/13,13:45,4:30,10:00,13.45,4.3,,,
Sat 16/3/13,14:30,7:45,8:00,14.3,7.45,,,
Sun 17/3/13,15:45,5:00,9:15,15.45,5,,,
Mon 18/3/13,14:15,22:15,14:45,14.15,22.15,71:00,###############################################################################################################################################################################################################################################################,69:45
Tue 19/3/13,13:00,4:00,9:15,13,4,,,
Wed 20/3/13,13:15,5:45,9:45,13.15,5.45,,,
Thu 21/3/13,15:30,3:15,9:30,15.3,3.15,,,
Fri 22/3/13,12:45,2:00,9:45,12.45,2,,,
Sat 23/3/13,11:45,5:30,9:00,11.45,5.3,,,
Sun 24/3/13,14:30,6:15,9:00,14.3,6.15,,,
Mon 25/3/13,15:15,21:15,17:45,15.15,21.15,77:15,###############################################################################################################################################################################################################################################################,76:00
Tue 26/3/13,15:00,4:45,8:15,15,4.45,,,
Wed 27/3/13,13:00,6:15,9:30,13,6.15,,,
Thu 28/3/13,15:45,5:00,11:00,15.45,5,,,
Fri 29/3/13,16:00,4:15,8:15,16,4.15,,,
Sat 30/3/13,12:30,5:00,10:00,12.3,5,,,
Sun 31/3/13,15:00,4:45,12:30,15,4.45,,,
Mon 1/4/13,17:15,6:15,9:45,17.15,6.15,64:00,1:00,65:00
Tue 2/4/13,16:00,6:15,9:45,16,6.15,,,
Wed 3/4/13,16:00,0:00,0:00,16,0,,,
Thu 4/4/13,0:00,19:45,15:30,0,19.45,,,
Fri 5/4/13,11:15,4:30,9:00,11.15,4.3,,,
Sat 6/4/13,13:30,4:30,6:45,13.3,4.3,,,
Sun 7/4/13,11:15,23:30,13:15,11.15,23.3,,,
Mon 8/4/13,12:45,3:45,10:45,12.45,3.45,58:00,5:00,63:00
Tue 9/4/13,14:30,2:30,10:15,14.3,2.3,,,
Wed 10/4/13,12:45,8:45,8:45,12.45,8.45,,,
Thu 11/4/13,17:30,6:15,9:45,17.3,6.15,,,
Fri 12/4/13,16:00,4:30,6:15,16,4.3,,,
Sat 13/4/13,10:45,5:30,4:15,10.45,5.3,,,
Sun 14/4/13,9:45,11:30,8:00,9.45,11.3,,,
Mon 15/4/13,19:30,22:15,11:45,19.3,22.15,72:00,0:00,72:00
Tue 16/4/13,10:00,2:00,8:45,10,2,,,
Wed 17/4/13,10:45,3:15,10:00,10.45,3.15,,,
Thu 18/4/13,13:15,4:15,9:15,13.15,4.15,,,
Fri 19/4/13,13:30,3:30,10:30,13.3,3.3,,,
Sat 20/4/13,14:00,4:30,10:15,14,4.3,,,
Sun 21/4/13,14:45,1:30,11:30,14.45,1.3,,,
Mon 22/4/13,13:00,6:15,8:45,13,6.15,60:45,0:00,60:45
Tue 23/4/13,15:00,4:45,10:30,15,4.45,,,
Wed 24/4/13,15:15,9:00,6:45,15.15,9,,,
Thu 25/4/13,15:45,4:15,4:00,15.45,4.15,,,
Fri 26/4/13,8:15,22:45,12:45,8.15,22.45,,,
Sat 27/4/13,11:30,11:45,7:15,11.3,11.45,,,
Sun 28/4/13,19:00,1:00,10:45,19,1,,,
Mon 29/4/13,11:45,5:15,8:30,11.45,5.15,62:15,1:00,63:15
Tue 30/4/13,13:45,7:45,9:00,13.45,7.45,,,
Wed 1/5/13,16:45,3:00,8:15,16.45,3,,,
Thu 2/5/13,11:15,4:30,12:00,11.15,4.3,,,
Fri 3/5/13,16:30,18:30,7:00,16.3,18.3,,,
Sat 4/5/13,1:30,3:00,7:45,1.3,3,,,
Sun 5/5/13,10:45,7:00,9:45,10.45,7,,,
Mon 6/5/13,16:45,9:00,2:00,16.45,9,60:45,1:30,62:15
Tue 7/5/13,11:00,21:00,14:00,11,21,,,
Wed 8/5/13,11:00,5:30,8:30,11,5.3,,,
Thu 9/5/13,14:00,4:00,8:30,14,4,,,
Fri 10/5/13,12:30,6:15,9:45,12.3,6.15,,,
Sat 11/5/13,16:00,1:45,9:00,16,1.45,,,
Sun 12/5/13,10:45,7:45,9:00,10.45,7.45,,,
Mon 13/5/13,16:45,5:45,9:15,16.45,5.45,77:15,3:00,80:15
Tue 14/5/13,15:00,20:00,11:45,15,20,,,
Wed 15/5/13,7:45,23:30,12:00,7.45,23.3,,,
Thu 16/5/13,11:30,0:00,15:00,11.3,0,,,
Fri 17/5/13,15:00,0:00,8:30,15,0,,,
Sat 18/5/13,8:30,23:30,8:45,8.3,23.3,,,
Sun 19/5/13,8:15,1:15,12:00,8.15,1.15,,,
Mon 20/5/13,13:15,9:15,7:00,13.15,9.15,68:15,0:00,68:15
Tue 21/5/13,16:15,1:30,11:15,16.15,1.3,,,
Wed 22/5/13,12:45,5:00,8:15,12.45,5,,,
Thu 23/5/13,13:15,1:45,9:45,13.15,1.45,,,
Fri 24/5/13,11:30,2:00,10:30,11.3,2,,,
Sat 25/5/13,12:30,2:15,12:15,12.3,2.15,,,
Sun 26/5/13,14:30,4:00,9:15,14.3,4,,,
Mon 27/5/13,13:15,4:30,9:15,13.15,4.3,59:15,0:00,59:15
Tue 28/5/13,13:45,14:45,8:30,13.45,14.45,,,
Wed 29/5/13,23:15,2:45,10:15,23.15,2.45,,,
Thu 30/5/13,13:00,8:00,5:45,13,8,,,
Fri 31/5/13,13:45,3:30,12:30,13.45,3.3,,,
Sat 1/6/13,16:00,0:00,0:00,16,0,,,
Sun 2/6/13,0:00,20:00,13:00,0,20,,,
Mon 3/6/13,9:00,6:15,9:30,9,6.15,60:15,8:00,68:15
Tue 4/6/13,15:45,7:00,13:45,15.45,7,,,
Wed 5/6/13,20:45,10:45,6:15,20.45,10.45,,,
Thu 6/6/13,17:00,3:30,11:00,17,3.3,,,
Fri 7/6/13,14:30,4:00,4:30,14.3,4,,,
Sat 8/6/13,8:30,4:30,6:15,8.3,4.3,,,
Sun 9/6/13,10:45,6:45,9:00,10.45,6.45,,,
Mon 10/6/13,15:45,2:45,11:30,15.45,2.45,60:30,5:30,66:00
Tue 11/6/13,14:15,4:45,9:30,14.15,4.45,,,
Wed 12/6/13,14:15,10:45,6:30,14.15,10.45,,,
Thu 13/6/13,17:15,1:15,6:00,17.15,1.15,,,
Fri 14/6/13,7:15,0:30,11:30,7.15,0.3,,,
Sat 15/6/13,12:00,7:00,5:45,12,7,,,
Sun 16/6/13,12:45,5:45,9:45,12.45,5.45,,,
Mon 17/6/13,15:30,22:45,14:45,15.3,22.45,70:15,0:00,70:15
Tue 18/6/13,13:30,5:15,10:45,13.3,5.15,,,
Wed 19/6/13,16:00,7:00,5:45,16,7,,,
Thu 20/6/13,12:45,23:00,10:45,12.45,23,,,
Fri 21/6/13,9:45,4:00,10:45,9.45,4,,,
Sat 22/6/13,14:45,4:15,10:00,14.45,4.15,,,
Sun 23/6/13,14:15,2:15,7:30,14.15,2.15,,,
Mon 24/6/13,9:45,3:45,10:30,9.45,3.45,67:00,2:00,69:00
Tue 25/6/13,14:15,4:00,13:30,14.15,4,,,
Wed 26/6/13,17:30,8:00,8:30,17.3,8,,,
Thu 27/6/13,16:30,4:00,9:30,16.3,4,,,
Fri 28/6/13,13:30,6:00,12:30,13.3,6,,,
Sat 29/6/13,18:30,0:00,0:00,18.3,0,,,
Sun 30/6/13,0:00,0:30,12:30,0,0.3,,,
Mon 1/7/13,13:00,6:15,9:45,13,6.15,63:30,7:15,70:45
Tue 2/7/13,16:00,4:00,8:30,16,4,,,
Wed 3/7/13,12:30,7:30,8:30,12.3,7.3,,,
Thu 4/7/13,16:00,4:30,10:45,16,4.3,,,
Fri 5/7/13,15:15,1:45,8:00,15.15,1.45,,,
Sat 6/7/13,9:45,3:15,12:00,9.45,3.15,,,
Sun 7/7/13,15:15,1:15,6:00,15.15,1.15,,,
Mon 8/7/13,7:15,23:00,9:45,7.15,23,73:15,18:30,91:45
Tue 9/7/13,8:45,0:30,9:15,8.45,0.3,,,
Wed 10/7/13,9:45,0:30,11:30,9.45,0.3,,,
Thu 11/7/13,12:00,1:15,8:15,12,1.15,,,
Fri 12/7/13,9:30,5:30,10:00,9.3,5.3,,,
Sat 13/7/13,15:30,0:00,8:30,15.3,0,,,
Sun 14/7/13,8:30,1:15,16:00,8.3,1.15,,,
Mon 15/7/13,17:15,3:45,6:30,17.15,3.45,72:15,0:00,72:15
Tue 16/7/13,10:15,22:30,14:45,10.15,22.3,,,
Wed 17/7/13,13:15,11:30,3:00,13.15,11.3,,,
Thu 18/7/13,14:30,22:00,17:15,14.3,22,,,
Fri 19/7/13,15:15,5:00,12:45,15.15,5,,,
Sat 20/7/13,17:45,6:00,9:30,17.45,6,,,
Sun 21/7/13,15:30,5:15,8:30,15.3,5.15,,,
Mon 22/7/13,13:45,6:00,7:30,13.45,6,66:30,0:00,66:30
Tue 23/7/13,13:30,5:30,10:45,13.3,5.3,,,
Wed 24/7/13,16:15,6:30,10:00,16.15,6.3,,,
Thu 25/7/13,16:30,8:45,6:15,16.3,8.45,,,
Fri 26/7/13,15:00,1:30,15:00,15,1.3,,,
Sat 27/7/13,16:30,4:00,7:15,16.3,4,,,
Sun 28/7/13,11:15,4:00,9:45,11.15,4,,,
Mon 29/7/13,13:45,23:00,16:00,13.45,23,71:15,###############################################################################################################################################################################################################################################################,68:45
Tue 30/7/13,15:00,10:45,7:15,15,10.45,,,
Wed 31/7/13,18:00,2:15,9:30,18,2.15,,,
Thu 1/8/13,11:45,4:00,10:45,11.45,4,,,
Fri 2/8/13,14:45,6:00,12:15,14.45,6,,,
Sat 3/8/13,18:15,11:00,7:00,18.15,11,,,
Sun 4/8/13,18:00,10:00,8:30,18,10,,,
Mon 5/8/13,18:30,10:15,9:45,18.3,10.15,65:15,3:00,68:15
Tue 6/8/13,20:00,0:00,0:00,20,0,,,
Wed 7/8/13,0:00,17:30,13:45,0,17.3,,,
Thu 8/8/13,7:15,23:00,9:15,7.15,23,,,
Fri 9/8/13,8:15,21:30,11:30,8.15,21.3,,,
Sat 10/8/13,9:00,22:45,8:15,9,22.45,,,
Sun 11/8/13,7:00,19:45,12:45,7,19.45,,,
Mon 12/8/13,8:30,23:00,7:30,8.3,23,57:30,0:00,57:30
Tue 13/8/13,6:30,22:45,9:45,6.3,22.45,,,
Wed 14/8/13,8:30,0:30,9:45,8.3,0.3,,,
Thu 15/8/13,10:15,12:00,0:15,10.15,12,,,
Fri 16/8/13,12:15,1:15,8:45,12.15,1.15,,,
Sat 17/8/13,10:00,1:30,12:00,10,1.3,,,
Sun 18/8/13,13:30,3:00,9:30,13.3,3,,,
Mon 19/8/13,12:30,6:00,8:00,12.3,6,69:30,4:45,74:15
Tue 20/8/13,14:00,0:00,12:00,14,0,,,
Wed 21/8/13,12:00,6:45,7:15,12,6.45,,,
Thu 22/8/13,14:00,0:00,11:30,14,0,,,
Fri 23/8/13,11:30,3:45,11:30,11.3,3.45,,,
Sat 24/8/13,15:15,4:30,7:45,15.15,4.3,,,
Sun 25/8/13,12:15,1:00,11:30,12.15,1,,,
Mon 26/8/13,12:30,3:30,11:30,12.3,3.3,65:45,0:45,66:30
Tue 27/8/13,15:00,5:15,8:15,15,5.15,,,
Wed 28/8/13,13:30,6:30,11:15,13.3,6.3,,,
Thu 29/8/13,17:45,3:30,7:15,17.45,3.3,,,
Fri 30/8/13,10:45,2:30,12:30,10.45,2.3,,,
Sat 31/8/13,15:00,6:45,8:45,15,6.45,,,
Sun 1/9/13,15:30,7:15,6:15,15.3,7.15,,,
Mon 2/9/13,13:30,2:30,11:30,13.3,2.3,71:30,4:15,75:45
Tue 3/9/13,14:00,6:00,9:00,14,6,,,
Wed 4/9/13,15:00,22:30,10:00,15,22.3,,,
Thu 5/9/13,8:30,0:30,11:00,8.3,0.3,,,
Fri 6/9/13,11:30,21:00,9:30,11.3,21,,,
Sat 7/9/13,6:30,2:30,10:15,6.3,2.3,,,
Sun 8/9/13,12:45,23:30,10:15,12.45,23.3,,,
Mon 9/9/13,9:45,1:30,12:00,9.45,1.3,72:30,###############################################################################################################################################################################################################################################################,71:15
Tue 10/9/13,13:30,5:45,7:00,13.3,5.45,,,
Wed 11/9/13,12:45,22:15,11:45,12.45,22.15,,,
Thu 12/9/13,10:00,5:00,10:00,10,5,,,
Fri 13/9/13,15:00,20:30,14:30,15,20.3,,,
Sat 14/9/13,11:00,4:30,9:00,11,4.3,,,
Sun 15/9/13,13:30,1:30,8:15,13.3,1.3,,,
Mon 16/9/13,9:45,4:30,9:00,9.45,4.3,65:15,0:45,66:00
Tue 17/9/13,13:30,3:30,9:00,13.3,3.3,,,
Wed 18/9/13,12:30,4:15,10:30,12.3,4.15,,,
Thu 19/9/13,14:45,4:30,9:00,14.45,4.3,,,
Fri 20/9/13,13:30,6:15,9:00,13.3,6.15,,,
Sat 21/9/13,15:15,6:30,7:30,15.15,6.3,,,
Sun 22/9/13,14:00,3:45,11:15,14,3.45,,,
Mon 23/9/13,15:00,7:00,8:15,15,7,64:45,###############################################################################################################################################################################################################################################################,63:00
Tue 24/9/13,15:15,14:15,13:15,15.15,14.15,,,
Wed 25/9/13,3:30,6:15,2:30,3.3,6.15,,,
Thu 26/9/13,8:45,23:15,12:15,8.45,23.15,,,
Fri 27/9/13,11:30,3:15,14:00,11.3,3.15,,,
Sat 28/9/13,17:15,7:45,9:15,17.15,7.45,,,
Sun 29/9/13,17:00,1:00,5:15,17,1,,,
Mon 30/9/13,6:15,23:30,11:00,6.15,23.3,69:15,0:45,70:00
Tue 1/10/13,10:30,1:00,14:00,10.3,1,,,
Wed 2/10/13,15:00,5:45,9:45,15,5.45,,,
Thu 3/10/13,15:30,6:45,8:00,15.3,6.45,,,
Fri 4/10/13,14:45,6:30,9:45,14.45,6.3,,,
Sat 5/10/13,16:15,8:45,10:00,16.15,8.45,,,
Sun 6/10/13,18:45,1:15,6:45,18.45,1.15,,,
Mon 7/10/13,8:00,15:45,13:30,8,15.45,73:00,###############################################################################################################################################################################################################################################################,70:00
Tue 8/10/13,5:15,23:00,8:00,5.15,23,,,
Wed 9/10/13,7:00,23:00,12:45,7,23,,,
Thu 10/10/13,11:45,5:45,8:00,11.45,5.45,,,
Fri 11/10/13,13:45,2:30,13:45,13.45,2.3,,,
Sat 12/10/13,16:15,4:30,6:00,16.15,4.3,,,
Sun 13/10/13,10:30,1:15,11:00,10.3,1.15,,,
Mon 14/10/13,12:15,22:30,12:00,12.15,22.3,74:45,0:30,75:15
Tue 15/10/13,10:30,2:15,10:45,10.3,2.15,,,
Wed 16/10/13,13:00,23:45,14:00,13,23.45,,,
Thu 17/10/13,13:45,4:15,6:30,13.45,4.15,,,
Fri 18/10/13,10:45,3:30,12:00,10.45,3.3,,,
Sat 19/10/13,15:30,4:00,10:15,15.3,4,,,
Sun 20/10/13,14:15,3:30,9:15,14.15,3.3,,,
Mon 21/10/13,12:45,4:15,8:00,12.45,4.15,69:00,4:30,73:30
Tue 22/10/13,12:15,3:15,8:15,12.15,3.15,,,
Wed 23/10/13,11:30,9:45,8:45,11.3,9.45,,,
Thu 24/10/13,18:30,23:45,11:45,18.3,23.45,,,
Fri 25/10/13,11:30,3:30,12:00,11.3,3.3,,,
Sat 26/10/13,15:30,4:45,12:15,15.3,4.45,,,
Sun 27/10/13,17:00,5:00,8:00,17,5,,,
Mon 28/10/13,13:00,2:30,8:30,13,2.3,72:00,###############################################################################################################################################################################################################################################################,68:30
Tue 29/10/13,11:00,18:00,21:00,11,18,,,
Wed 30/10/13,15:00,4:30,7:15,15,4.3,,,
Thu 31/10/13,11:45,18:15,10:30,11.45,18.15,,,
Fri 1/11/13,4:45,3:45,9:30,4.45,3.45,,,
Sat 2/11/13,13:15,7:00,6:45,13.15,7,,,
Sun 3/11/13,13:45,5:15,8:30,13.45,5.15,,,
Mon 4/11/13,13:45,0:00,15:15,13.45,0,77:15,0:00,77:15
Tue 5/11/13,15:15,22:30,11:15,15.15,22.3,,,
Wed 6/11/13,9:45,22:00,11:00,9.45,22,,,
Thu 7/11/13,9:00,0:00,9:15,9,0,,,
Fri 8/11/13,9:15,23:00,10:00,9.15,23,,,
Sat 9/11/13,9:00,23:30,9:30,9,23.3,,,
Sun 10/11/13,9:00,22:15,11:00,9,22.15,,,
Mon 11/11/13,9:15,22:15,10:30,9.15,22.15,75:00,0:00,75:00
Tue 12/11/13,8:45,22:30,10:30,8.45,22.3,,,
Wed 13/11/13,9:00,23:15,10:30,9,23.15,,,
Thu 14/11/13,9:45,20:45,11:30,9.45,20.45,,,
Fri 15/11/13,8:15,3:15,12:00,8.15,3.15,,,
Sat 16/11/13,15:15,1:45,9:00,15.15,1.45,,,
Sun 17/11/13,10:45,0:45,11:00,10.45,0.45,,,
Mon 18/11/13,11:45,1:00,10:30,11.45,1,75:15,0:00,75:15
Tue 19/11/13,11:30,1:45,11:00,11.3,1.45,,,
Wed 20/11/13,12:45,1:00,13:00,12.45,1,,,
Thu 21/11/13,14:00,2:00,10:30,14,2,,,
Fri 22/11/13,12:30,2:00,10:15,12.3,2,,,
Sat 23/11/13,12:15,5:15,9:30,12.15,5.15,,,
Sun 24/11/13,14:45,4:15,10:30,14.45,4.15,,,
Mon 25/11/13,14:45,5:00,9:00,14.45,5,63:45,0:30,64:15
Tue 26/11/13,14:00,5:15,4:30,14,5.15,,,
Wed 27/11/13,9:45,22:45,13:00,9.45,22.45,,,
Thu 28/11/13,11:45,3:15,10:45,11.45,3.15,,,
Fri 29/11/13,14:00,6:00,9:15,14,6,,,
Sat 30/11/13,15:15,7:00,9:45,15.15,7,,,
Sun 1/12/13,16:45,5:45,7:30,16.45,5.45,,,
Mon 2/12/13,13:15,0:15,5:15,13.15,0.15,66:01,24:00,90:01
Tue 3/12/13,5:30,19:45,12:15,5.3,19.45,,,
Wed 4/12/13,8:00,22:15,9:15,8,22.15,,,
Thu 5/12/13,7:30,2:14,5:31,7.3,2.14,,,
Fri 6/12/13,7:45,23:00,11:30,7.45,23,,,
Sat 7/12/13,10:30,0:15,11:30,10.3,0.15,,,
Sun 8/12/13,11:45,3:00,10:45,11.45,3,,,
Mon 9/12/13,13:45,1:15,11:45,13.45,1.15,63:00,9:45,72:45
Tue 10/12/13,13:00,2:30,6:30,13,2.3,,,
Wed 11/12/13,9:00,4:15,8:30,9,4.15,,,
Thu 12/12/13,12:45,2:30,11:30,12.45,2.3,,,
Fri 13/12/13,14:00,4:30,3:30,14,4.3,,,
Sat 14/12/13,8:00,3:45,11:30,8,3.45,,,
Sun 15/12/13,15:15,4:30,9:45,15.15,4.3,,,
Mon 16/12/13,14:15,3:45,2:45,14.15,3.45,62:45,0:00,62:45
Tue 17/12/13,6:30,23:00,10:15,6.3,23,,,
Wed 18/12/13,9:15,0:15,9:00,9.15,0.15,,,
Thu 19/12/13,9:15,22:30,9:30,9.15,22.3,,,
Fri 20/12/13,8:00,23:30,9:15,8,23.3,,,
Sat 21/12/13,8:45,20:45,13:30,8.45,20.45,,,
Sun 22/12/13,10:15,0:15,8:30,10.15,0.15,,,
Mon 23/12/13,8:45,23:00,11:15,8.45,23,73:45,1:30,75:15
Tue 24/12/13,10:15,23:15,9:30,10.15,23.15,,,
Wed 25/12/13,8:45,23:15,11:00,8.45,23.15,,,
Thu 26/12/13,10:15,23:45,10:00,10.15,23.45,,,
Fri 27/12/13,9:45,23:15,11:30,9.45,23.15,,,
Sat 28/12/13,10:45,23:15,10:15,10.45,23.15,,,
Sun 29/12/13,9:30,23:30,10:15,9.3,23.3,,,
Mon 30/12/13,9:45,2:00,10:30,9.45,2,64:15,3:00,67:15
Tue 31/12/13,12:30,6:45,7:00,12.3,6.45,,,
Wed 1/1/14,13:45,23:45,13:15,13.45,23.45,,,
Thu 2/1/14,13:00,7:00,8:00,13,7,,,
Fri 3/1/14,15:00,4:45,8:45,15,4.45,,,
Sat 4/1/14,13:30,5:00,9:15,13.3,5,,,
Sun 5/1/14,14:15,5:15,7:30,14.15,5.15,,,
Mon 6/1/14,12:45,4:30,9:15,12.45,4.3,67:30,0:00,67:30
Tue 7/1/14,13:45,5:00,9:45,13.45,5,,,
Wed 8/1/14,14:45,4:30,11:15,14.45,4.3,,,
Thu 9/1/14,15:45,5:30,9:45,15.45,5.3,,,
Fri 10/1/14,15:15,6:30,9:30,15.15,6.3,,,
Sat 11/1/14,16:00,6:15,10:00,16,6.15,,,
Sun 12/1/14,16:15,20:30,8:00,16.15,20.3,,,
Mon 13/1/14,4:30,23:30,17:30,4.3,23.3,70:00,0:00,70:00
Tue 14/1/14,17:00,0:00,0:00,17,0,,,
Wed 15/1/14,0:00,18:30,16:00,0,18.3,,,
Thu 16/1/14,10:30,1:45,5:30,10.3,1.45,,,
Fri 17/1/14,7:15,22:45,8:30,7.15,22.45,,,
Sat 18/1/14,7:15,23:45,7:45,7.15,23.45,,,
Sun 19/1/14,7:30,0:00,14:45,7.3,0,,,
Mon 20/1/14,14:45,4:00,7:30,14.45,4,64:30,1:00,65:30
Tue 21/1/14,11:30,2:00,10:15,11.3,2,,,
Wed 22/1/14,12:15,4:00,8:45,12.15,4,,,
Thu 23/1/14,12:45,2:45,10:30,12.45,2.45,,,
Fri 24/1/14,13:15,3:00,9:15,13.15,3,,,
Sat 25/1/14,12:15,5:30,7:30,12.15,5.3,,,
Sun 26/1/14,13:00,5:15,10:45,13,5.15,,,
Mon 27/1/14,16:00,5:45,8:30,16,5.45,68:45,0:00,68:45
Tue 28/1/14,14:15,4:00,10:00,14.15,4,,,
Wed 29/1/14,14:00,4:15,8:15,14,4.15,,,
Thu 30/1/14,12:30,3:45,11:00,12.3,3.45,,,
Fri 31/1/14,14:45,4:30,11:15,14.45,4.3,,,
Sat 1/2/14,15:45,4:15,9:45,15.45,4.15,,,
Sun 2/2/14,14:00,5:15,10:00,14,5.15,,,
Mon 3/2/14,15:15,7:15,8:00,15.15,7.15,63:45,0:30,64:15
Tue 4/2/14,15:15,6:00,9:30,15.15,6,,,
Wed 5/2/14,15:30,5:30,7:00,15.3,5.3,,,
Thu 6/2/14,12:30,5:00,12:15,12.3,5,,,
Fri 7/2/14,17:15,6:45,9:15,17.15,6.45,,,
Sat 8/2/14,16:00,4:30,6:30,16,4.3,,,
Sun 9/2/14,11:00,4:15,11:15,11,4.15,,,
Mon 10/2/14,15:30,4:30,9:15,15.3,4.3,65:45,0:00,65:45
Tue 11/2/14,13:45,7:15,8:15,13.45,7.15,,,
Wed 12/2/14,15:30,1:15,10:30,15.3,1.15,,,
Thu 13/2/14,11:45,4:30,10:30,11.45,4.3,,,
Fri 14/2/14,15:00,6:30,7:30,15,6.3,,,
Sat 15/2/14,14:00,6:00,9:45,14,6,,,
Sun 16/2/14,15:45,5:30,10:00,15.45,5.3,,,
Mon 17/2/14,15:30,6:45,8:00,15.3,6.45,71:45,###############################################################################################################################################################################################################################################################,70:15
Tue 18/2/14,14:45,5:30,9:30,14.45,5.3,,,
Wed 19/2/14,15:00,2:30,11:00,15,2.3,,,
Thu 20/2/14,13:30,21:45,14:00,13.3,21.45,,,
Fri 21/2/14,11:45,4:00,10:00,11.45,4,,,
Sat 22/2/14,14:00,5:30,9:45,14,5.3,,,
Sun 23/2/14,15:15,6:30,9:30,15.15,6.3,,,
Mon 24/2/14,16:00,4:15,11:15,16,4.15,63:45,0:00,63:45
Tue 25/2/14,15:30,5:45,9:45,15.3,5.45,,,
Wed 26/2/14,15:30,7:00,5:15,15.3,7,,,
Thu 27/2/14,12:15,0:15,11:00,12.15,0.15,,,
Fri 28/2/14,11:15,2:45,8:30,11.15,2.45,,,
Sat 1/3/14,11:15,3:30,9:15,11.15,3.3,,,
Sun 2/3/14,12:45,4:45,8:45,12.45,4.45,,,
Mon 3/3/14,13:30,3:30,12:00,13.3,3.3,69:00,0:00,69:00
Tue 4/3/14,15:30,4:15,9:15,15.3,4.15,,,
Wed 5/3/14,13:30,5:15,9:00,13.3,5.15,,,
Thu 6/3/14,14:15,3:15,9:45,14.15,3.15,,,
Fri 7/3/14,13:00,3:30,10:30,13,3.3,,,
Sat 8/3/14,14:00,2:30,8:30,14,2.3,,,
Sun 9/3/14,11:00,3:45,10:00,11,3.45,,,
Mon 10/3/14,13:45,4:30,10:00,13.45,4.3,71:30,1:45,73:15
Tue 11/3/14,14:30,22:30,11:00,14.3,22.3,,,
Wed 12/3/14,9:30,5:00,9:00,9.3,5,,,
Thu 13/3/14,14:00,2:15,7:45,14,2.15,,,
Fri 14/3/14,10:00,0:00,10:00,10,0,,,
Sat 15/3/14,10:00,23:30,10:45,10,23.3,,,
Sun 16/3/14,10:15,3:30,13:00,10.15,3.3,,,
Mon 17/3/14,16:30,3:15,10:15,16.3,3.15,64:00,0:00,64:00
Tue 18/3/14,13:30,3:45,10:15,13.3,3.45,,,
Wed 19/3/14,14:00,3:30,9:45,14,3.3,,,
Thu 20/3/14,13:15,6:30,8:30,13.15,6.3,,,
Fri 21/3/14,15:00,5:15,10:15,15,5.15,,,
Sat 22/3/14,15:30,0:00,0:00,15.3,0,,,
Sun 23/3/14,0:00,0:45,15:00,0,0.45,,,
Mon 24/3/14,15:45,3:30,9:00,15.45,3.3,61:00,9:00,70:00
Tue 25/3/14,12:30,14:30,3:00,12.3,14.3,,,
Wed 26/3/14,17:30,0:00,12:15,17.3,0,,,
Thu 27/3/14,12:15,23:00,8:45,12.15,23,,,
Fri 28/3/14,7:45,3:00,8:15,7.45,3,,,
Sat 29/3/14,11:15,4:45,9:45,11.15,4.45,,,
Sun 30/3/14,14:30,4:15,10:00,14.3,4.15,,,
Mon 31/3/14,14:15,4:00,10:15,14.15,4,70:45,1:00,71:45
Tue 1/4/14,14:15,4:00,11:30,14.15,4,,,
Wed 2/4/14,15:30,3:15,9:45,15.3,3.15,,,
Thu 3/4/14,13:00,4:15,11:30,13,4.15,,,
Fri 4/4/14,15:45,8:00,7:45,15.45,8,,,
Sat 5/4/14,15:45,3:30,8:00,15.45,3.3,,,
Sun 6/4/14,11:30,1:45,12:00,11.3,1.45,,,
Mon 7/4/14,13:45,6:30,9:15,13.45,6.3,67:00,2:30,69:30
Tue 8/4/14,15:45,5:45,5:30,15.45,5.45,,,
Wed 9/4/14,11:15,23:30,10:30,11.15,23.3,,,
Thu 10/4/14,10:00,2:30,13:00,10,2.3,,,
Fri 11/4/14,15:30,5:00,10:00,15.3,5,,,
Sat 12/4/14,15:00,4:45,10:45,15,4.45,,,
Sun 13/4/14,15:30,10:15,8:00,15.3,10.15,,,
Mon 14/4/14,18:15,1:00,8:45,18.15,1,63:30,11:30,75:00
Tue 15/4/14,9:45,8:00,10:30,9.45,8,,,
Wed 16/4/14,18:30,23:15,12:30,18.3,23.15,,,
Thu 17/4/14,11:45,2:15,10:30,11.45,2.15,,,
Fri 18/4/14,12:45,6:00,3:15,12.45,6,,,
Sat 19/4/14,9:15,2:30,12:30,9.15,2.3,,,
Sun 20/4/14,15:00,6:15,5:30,15,6.15,,,
Mon 21/4/14,11:45,3:30,10:30,11.45,3.3,69:45,5:45,75:30
Tue 22/4/14,14:00,3:30,9:30,14,3.3,,,
Wed 23/4/14,13:00,4:00,8:45,13,4,,,
Thu 24/4/14,12:45,4:00,10:15,12.45,4,,,
Fri 25/4/14,14:15,4:15,10:00,14.15,4.15,,,
Sat 26/4/14,14:15,5:00,11:15,14.15,5,,,
Sun 27/4/14,16:15,3:45,9:30,16.15,3.45,,,
Mon 28/4/14,13:15,4:30,9:15,13.15,4.3,66:30,4:30,71:00
Tue 29/4/14,13:45,6:00,7:15,13.45,6,,,
Wed 30/4/14,13:15,1:30,9:45,13.15,1.3,,,
Thu 1/5/14,11:15,1:00,13:30,11.15,1,,,
Fri 2/5/14,14:30,7:45,8:00,14.3,7.45,,,
Sat 3/5/14,15:45,5:30,9:30,15.45,5.3,,,
Sun 4/5/14,15:00,4:00,9:15,15,4,,,
Mon 5/5/14,13:15,9:15,8:45,13.15,9.15,71:30,0:00,71:30
Tue 6/5/14,18:00,4:45,9:45,18,4.45,,,
Wed 7/5/14,14:30,2:30,11:15,14.3,2.3,,,
Thu 8/5/14,13:45,4:00,10:30,13.45,4,,,
Fri 9/5/14,14:30,6:45,9:45,14.3,6.45,,,
Sat 10/5/14,16:30,1:15,9:45,16.3,1.15,,,
Sun 11/5/14,11:00,3:30,11:45,11,3.3,,,
Mon 12/5/14,15:15,3:00,11:45,15.15,3,69:15,3:30,72:45
Tue 13/5/14,14:45,1:00,10:00,14.45,1,,,
Wed 14/5/14,11:00,3:00,8:00,11,3,,,
Thu 15/5/14,11:00,6:00,8:15,11,6,,,
Fri 16/5/14,14:15,4:45,10:45,14.15,4.45,,,
Sat 17/5/14,15:30,6:00,10:15,15.3,6,,,
Sun 18/5/14,16:15,5:15,10:15,16.15,5.15,,,
Mon 19/5/14,15:30,6:15,9:00,15.3,6.15,74:15,###############################################################################################################################################################################################################################################################,73:45
Tue 20/5/14,15:15,4:30,12:00,15.15,4.3,,,
Wed 21/5/14,16:30,0:00,11:00,16.3,0,,,
Thu 22/5/14,11:00,0:00,12:15,11,0,,,
Fri 23/5/14,12:15,0:15,8:00,12.15,0.15,,,
Sat 24/5/14,8:15,23:30,9:00,8.15,23.3,,,
Sun 25/5/14,8:30,3:15,13:00,8.3,3.15,,,
Mon 26/5/14,16:15,4:00,8:45,16.15,4,71:15,###############################################################################################################################################################################################################################################################,69:15
Tue 27/5/14,12:45,3:15,8:45,12.45,3.15,,,
Wed 28/5/14,12:00,23:30,12:30,12,23.3,,,
Thu 29/5/14,12:00,20:30,13:00,12,20.3,,,
Fri 30/5/14,9:30,23:30,9:45,9.3,23.3,,,
Sat 31/5/14,9:15,3:45,7:45,9.15,3.45,,,
Sun 1/6/14,11:30,22:15,10:45,11.3,22.15,,,
Mon 2/6/14,9:00,0:15,9:45,9,0.15,68:45,2:00,70:45
Tue 3/6/14,10:00,0:30,8:00,10,0.3,,,
Wed 4/6/14,8:30,0:30,10:15,8.3,0.3,,,
Thu 5/6/14,10:45,3:15,11:30,10.45,3.15,,,
Fri 6/6/14,14:45,4:00,8:30,14.45,4,,,
Sat 7/6/14,12:30,1:30,9:45,12.3,1.3,,,
Sun 8/6/14,11:15,2:30,11:00,11.15,2.3,,,
Mon 9/6/14,13:30,3:30,8:45,13.3,3.3,67:45,0:00,67:45
Tue 10/6/14,12:15,4:00,10:00,12.15,4,,,
Wed 11/6/14,14:00,3:00,7:45,14,3,,,
Thu 12/6/14,10:45,4:15,11:00,10.45,4.15,,,
Fri 13/6/14,15:15,4:15,9:30,15.15,4.15,,,
Sat 14/6/14,13:45,7:45,7:00,13.45,7.45,,,
Sun 15/6/14,14:45,1:30,13:45,14.45,1.3,,,
Mon 16/6/14,15:15,6:30,10:15,15.15,6.3,81:00,###############################################################################################################################################################################################################################################################,79:00
Tue 17/6/14,16:45,2:30,11:45,16.45,2.3,,,
Wed 18/6/14,14:15,3:30,10:30,14.15,3.3,,,
Thu 19/6/14,14:00,22:30,16:45,14,22.3,,,
Fri 20/6/14,15:15,23:00,8:30,15.15,23,,,
Sat 21/6/14,7:30,2:45,13:15,7.3,2.45,,,
Sun 22/6/14,16:00,5:15,10:00,16,5.15,,,
Mon 23/6/14,15:15,7:15,9:45,15.15,7.15,72:30,0:00,72:30
Tue 24/6/14,17:00,6:45,10:15,17,6.45,,,
Wed 25/6/14,17:00,6:15,11:45,17,6.15,,,
Thu 26/6/14,18:00,4:45,9:45,18,4.45,,,
Fri 27/6/14,14:30,4:30,13:45,14.3,4.3,,,
Sat 28/6/14,18:15,5:15,9:15,18.15,5.15,,,
Sun 29/6/14,14:30,5:15,8:00,14.3,5.15,,,
Mon 30/6/14,13:15,2:30,9:15,13.15,2.3,69:30,0:45,70:15
Tue 1/7/14,11:45,4:45,12:00,11.45,4.45,,,
Wed 2/7/14,16:45,3:30,9:45,16.45,3.3,,,
Thu 3/7/14,13:15,6:30,9:30,13.15,6.3,,,
Fri 4/7/14,16:00,6:15,10:45,16,6.15,,,
Sat 5/7/14,17:00,12:30,6:15,17,12.3,,,
Sun 6/7/14,18:45,23:15,12:00,18.45,23.15,,,
Mon 7/7/14,11:15,6:15,11:30,11.15,6.15,69:00,0:00,69:00
Tue 8/7/14,17:45,0:00,0:00,17.45,0,,,
Wed 9/7/14,0:00,16:00,14:30,0,16,,,
Thu 10/7/14,6:30,21:30,8:30,6.3,21.3,,,
Fri 11/7/14,6:00,22:00,9:30,6,22,,,
Sat 12/7/14,7:30,21:30,10:30,7.3,21.3,,,
Sun 13/7/14,8:00,21:15,14:30,8,21.15,,,
Mon 14/7/14,11:45,23:00,12:00,11.45,23,80:45,###############################################################################################################################################################################################################################################################,78:45
Tue 15/7/14,11:00,23:30,13:00,11,23.3,,,
Wed 16/7/14,12:30,2:30,12:30,12.3,2.3,,,
Thu 17/7/14,15:00,2:30,6:45,15,2.3,,,
Fri 18/7/14,9:15,2:30,12:30,9.15,2.3,,,
Sat 19/7/14,15:00,3:00,12:30,15,3,,,
Sun 20/7/14,15:30,2:45,11:30,15.3,2.45,,,
Mon 21/7/14,14:15,23:15,10:45,14.15,23.15,70:45,6:00,76:45
Tue 22/7/14,10:00,1:30,8:30,10,1.3,,,
Wed 23/7/14,10:00,8:15,8:30,10,8.15,,,
Thu 24/7/14,16:45,6:30,9:15,16.45,6.3,,,
Fri 25/7/14,15:45,23:45,14:45,15.45,23.45,,,
Sat 26/7/14,14:30,4:30,12:00,14.3,4.3,,,
Sun 27/7/14,16:30,7:30,7:00,16.3,7.3,,,
Mon 28/7/14,14:30,22:00,17:00,14.3,22,80:15,###############################################################################################################################################################################################################################################################,77:15
Tue 29/7/14,15:00,1:15,13:15,15,1.15,,,
Wed 30/7/14,14:30,7:30,7:00,14.3,7.3,,,
Thu 31/7/14,14:30,23:45,9:45,14.3,23.45,,,
Fri 1/8/14,9:30,3:30,14:30,9.3,3.3,,,
Sat 2/8/14,18:00,5:15,6:30,18,5.15,,,
Sun 3/8/14,11:45,5:15,12:15,11.45,5.15,,,
Mon 4/8/14,17:30,12:30,12:00,17.3,12.3,63:15,,64:45
Tue 5/8/14,0:30,0:00,0:00,0.3,0,,+1:30,
Wed 6/8/14,0:00,21:30,18:30,0,21.3,,0:00,
Thu 7/8/14,16:00,8:00,9:15,16,8,,,
Fri 8/8/14,17:15,11:00,11:45,17.15,11,,,
Sat 9/8/14,22:45,0:00,0:00,22.45,0,,,
Sun 10/8/14,0:00,19:45,11:45,0,19.45,,,
Mon 11/8/14,7:30,20:45,8:45,7.3,20.45,67:45,,67:45
Tue 12/8/14,5:30,2:30,11:15,5.3,2.3,,+0:00,
Wed 13/8/14,13:45,3:15,14:45,13.45,3.15,,0:00,
Thu 14/8/14,18:00,7:00,9:45,18,7,,,
Fri 15/8/14,16:45,14:00,7:00,16.45,14,,,
Sat 16/8/14,21:00,8:30,12:15,21,8.3,,,
Sun 17/8/14,20:45,6:00,4:00,20.45,6,,,
Mon 18/8/14,10:00,17:30,9:45,10,17.3,83:00,,83:00
Tue 19/8/14,3:15,2:00,21:00,3.15,2,,+0:00,
Wed 20/8/14,23:00,18:30,14:15,23,18.3,,0:00,
Thu 21/8/14,8:45,22:00,10:00,8.45,22,,,
Fri 22/8/14,8:00,23:45,8:00,8,23.45,,,
Sat 23/8/14,7:45,0:30,9:30,7.45,0.3,,,
Sun 24/8/14,10:00,1:00,10:30,10,1,,,
Mon 25/8/14,11:30,3:00,8:45,11.3,3,67:45,,67:45
Tue 26/8/14,11:45,23:15,9:45,11.45,23.15,,+0:00,
Wed 27/8/14,9:00,3:45,11:45,9,3.45,,0:00,
Thu 28/8/14,15:30,2:15,8:00,15.3,2.15,,,
Fri 29/8/14,10:15,0:15,13:15,10.15,0.15,,,
Sat 30/8/14,13:30,2:30,6:30,13.3,2.3,,,
Sun 31/8/14,9:00,2:00,9:45,9,2,,,
Mon 1/9/14,11:45,2:00,11:00,11.45,2,71:30,,71:30
Tue 2/9/14,13:00,0:30,9:15,13,0.3,,+0:00,
Wed 3/9/14,9:45,1:45,10:45,9.45,1.45,,0:00,
Thu 4/9/14,12:30,2:45,8:15,12.3,2.45,,,
Fri 5/9/14,11:00,2:15,10:30,11,2.15,,,
Sat 6/9/14,12:45,4:30,11:00,12.45,4.3,,,
Sun 7/9/14,15:30,3:30,10:45,15.3,3.3,,,
Mon 8/9/14,14:15,3:45,10:15,14.15,3.45,75:45,,82:00
Tue 9/9/14,14:00,5:15,8:00,14,5.15,,+8:15,
Wed 10/9/14,13:15,6:00,9:15,13.15,6,,2:00,
Thu 11/9/14,15:15,19:30,12:15,15.15,19.3,,,
Fri 12/9/14,7:45,22:45,13:15,7.45,22.45,,,
Sat 13/9/14,12:00,0:30,10:30,12,0.3,,,
Sun 14/9/14,11:00,19:00,12:15,11,19,,,
Mon 15/9/14,7:15,19:15,17:30,7.15,19.15,75:30,,76:00
Tue 16/9/14,12:45,1:30,12:00,12.45,1.3,,+4:45,
Wed 17/9/14,13:30,4:30,2:00,13.3,4.3,,4:15,
Thu 18/9/14,6:30,1:00,16:00,6.3,1,,,
Fri 19/9/14,17:00,4:00,8:30,17,4,,,
Sat 20/9/14,12:30,5:00,8:00,12.3,5,,,
Sun 21/9/14,13:00,3:30,11:30,13,3.3,,,
Mon 22/9/14,15:00,2:45,10:45,15,2.45,82:15,,82:15
Tue 23/9/14,13:30,5:30,10:30,13.3,5.3,,+0:00,
Wed 24/9/14,16:00,4:45,6:15,16,4.45,,0:00,
Thu 25/9/14,11:00,20:45,15:45,11,20.45,,,
Fri 26/9/14,12:30,4:30,10:15,12.3,4.3,,,
Sat 27/9/14,14:45,4:15,19:45,14.45,4.15,,,
Sun 28/9/14,,6:00,9:00,15.45,6,,,
Mon 29/9/14,15:00,23:45,14:30,15,23.45,75:45,,74:00
Tue 30/9/14,14:15,3:45,5:45,14.15,3.45,,+0:00,
Wed 1/10/14,9:30,0:45,13:30,9.3,0.45,,1:45,
Thu 2/10/14,14:15,5:00,11:00,14.15,5,,,
Fri 3/10/14,16:00,4:15,10:45,16,4.15,,,
Sat 4/10/14,15:00,7:15,8:30,15,7.15,,,
Sun 5/10/14,15:45,5:45,11:45,15.45,5.45,,,
Mon 6/10/14,17:30,8:45,15:00,17.3,8.45,74:00,,75:15
Tue 7/10/14,23:45,0:00,0:00,23.45,0,,+2:45,
Wed 8/10/14,0:00,21:00,10:00,0,21,,1:30,
Thu 9/10/14,7:00,16:00,13:00,7,16,,,
Fri 10/10/14,5:00,0:15,10:15,5,0.15,,,
Sat 11/10/14,10:30,22:15,14:45,10.3,22.15,,,
Sun 12/10/14,13:00,6:30,11:00,13,6.3,,,
Mon 13/10/14,17:30,13:30,7:00,17.3,13.3,70:15,,74:15
Tue 14/10/14,20:30,3:45,5:45,20.3,3.45,,+4:00,
Wed 15/10/14,9:30,0:45,10:45,9.3,0.45,,0:00,
Thu 16/10/14,11:30,23:00,12:00,11.3,23,,,
Fri 17/10/14,11:00,0:30,10:45,11,0.3,,,
Sat 18/10/14,11:15,23:30,11:00,11.15,23.3,,,
Sun 19/10/14,10:30,23:30,13:00,10.3,23.3,,,
Mon 20/10/14,12:30,4:15,8:30,12.3,4.15,67:15,,70:30
Tue 21/10/14,12:45,3:45,9:15,12.45,3.45,,+3:15,
Wed 22/10/14,13:00,4:00,10:15,13,4,,0:00,
Thu 23/10/14,14:15,2:45,10:30,14.15,2.45,,,
Fri 24/10/14,13:15,3:15,8:30,13.15,3.15,,,
Sat 25/10/14,11:45,4:15,11:45,11.45,4.15,,,
Sun 26/10/14,16:00,0:45,8:30,16,0.45,,,
Mon 27/10/14,9:15,,0:00,9.15,,0:00,,0:00
Tue 28/10/14,,,0:00,,,,+0:00,
Wed 29/10/14,,,0:00,,,,0:00,
Thu 30/10/14,,,0:00,,,,,
Fri 31/10/14,,,0:00,,,,,
Sat 1/11/14,,,0:00,,,,,
Sun 2/11/14,,,0:00,,,,,
